-0.01977539,-1.014893,-0.01660156,17.08671
-0.007324218,-1.015137,-0.03588867,84.62637
-0.01855469,-1.003418,-0.03796387,101.296
-0.01855469,-1.003418,-0.03796387,118.0974
-0.02099609,-0.9931641,-0.0369873,135.1285
-0.01660156,-0.9925537,-0.04125977,151.9682
-0.02148438,-1.00061,-0.04443359,168.822
-0.01794434,-1.001099,-0.04516602,185.6772
-0.02209473,-0.9899902,-0.04748535,202.534
-0.02209473,-0.9899902,-0.04748535,219.4164
-0.02087402,-0.9960938,-0.05236816,236.4993
-0.02746582,-1.005371,-0.05163574,253.2463
-0.03918457,-1.010376,-0.05395508,270.1227
-0.03833008,-1.003174,-0.05615234,287.1456
-0.02575683,-0.9969482,-0.05969239,303.8256
-0.02575683,-0.9969482,-0.05969239,320.6519
-0.01904297,-0.9915771,-0.04638672,337.5318
-0.01525879,-1.037109,-0.02941894,354.5657
-0.02563477,-1.019775,-0.04882813,371.341
-0.008422852,-0.9840088,-0.01647949,388.1272
-0.001464844,-1.008423,-0.002563477,404.9548
-0.002441406,-1.035278,0.02148438,421.8283
-0.002441406,-1.035278,0.02148438,438.5522
0.0078125,-1.019287,0.03161621,455.521
0.01416016,-0.9537354,0.0255127,472.4981
0.01745605,-0.918457,0.04553223,489.3643
0.01013184,-0.9702148,0.0637207,506.2201
-0.006225586,-0.9943847,0.07958984,523.0807
-0.006225586,-0.9943847,0.07958984,539.8844
-0.02746582,-0.965332,0.07971191,556.7973
-0.01599121,-0.9584962,0.05639648,573.6666
0.002563477,-1.014038,0.05114746,590.517
-0.001220703,-1.05896,0.06652832,607.3923
-0.02172852,-1.09436,0.08618164,624.4532
-0.04003906,-1.100952,0.0994873,641.0621
-0.04003906,-1.100952,0.0994873,657.9551
-0.02075195,-1.065186,0.1010742,674.9397
0.01464844,-0.9918213,0.08337402,691.7069
0.03710938,-0.8825683,0.06054688,708.7657
0.05236816,-0.8143311,0.04724121,725.4899
0.04541016,-0.8739013,0.0736084,742.3532
0.04541016,-0.8739013,0.0736084,759.2276
0.01452637,-1.034668,0.1026611,776.3402
-0.01550293,-1.075317,0.09143066,793.022
-0.03564453,-0.9523926,0.06347656,809.885
-0.04174805,-0.918335,0.05310058,826.7563
-0.02062988,-0.9482421,0.04577637,843.5379
-0.02062988,-0.9482421,0.04577637,860.4827
-0.02282715,-0.9819336,0.06054688,877.3936
-0.04467773,-1.013672,0.07775879,894.2834
-0.06140137,-1.059082,0.07324219,911.1437
-0.04736328,-1.00354,0.06469727,928.0161
-0.02929687,-0.9453124,0.04602051,944.9296
-0.01489258,-0.9952393,0.04882813,961.7626
-0.01489258,-0.9952393,0.04882813,978.5787
-0.01086426,-1.055054,0.06286621,995.5098
-0.0222168,-1.040771,0.07739258,1012.391
-0.03723145,-0.9832764,0.07177734,1029.272
-0.03588867,-0.9560547,0.06115723,1046.172
-0.0246582,-0.9488525,0.05236816,1063.027
-0.0246582,-0.9488525,0.05236816,1079.813
-0.02331543,-0.9530029,0.05603027,1096.713
-0.03161621,-0.9412842,0.05993653,1113.593
-0.03442383,-0.9384765,0.05187988,1130.472
-0.02807617,-0.9412842,0.06860352,1147.38
-0.01184082,-0.9581299,0.07104492,1164.218
-0.03833008,-1.001587,0.05529785,1181.099
-0.03833008,-1.001587,0.05529785,1197.992
-0.07299805,-1.088623,0.03723145,1214.924
-0.07653809,-1.192871,0.02026367,1231.748
-0.03356934,-1.183838,-0.0003662109,1248.685
0.03759766,-1.13208,0.001953125,1265.513
0.05578613,-1.183594,0.01818848,1282.383
0.05578613,-1.183594,0.01818848,1299.228
0.02416992,-1.306641,0.01696777,1316.168
-0.003662109,-1.27124,0.005737305,1333.054
-0.0007324219,-1.21814,-0.007324218,1349.918
0.01416016,-1.165405,-0.01904297,1366.776
0.03479004,-1.037476,-0.01745605,1383.572
0.03479004,-1.037476,-0.01745605,1400.49
0.04858398,-0.9244384,-0.003173828,1417.411
0.04284668,-0.9058837,0.01416016,1434.286
0.01611328,-0.8994141,0.01977539,1451.07
-0.0002441406,-0.8699951,0.01928711,1468.042
-0.001708984,-0.8636474,0.02380371,1484.948
0.004516602,-0.8990478,0.02307129,1501.723
0.004516602,-0.8990478,0.02307129,1518.593
0.006469726,-0.8725586,0.02429199,1535.504
0.01794434,-0.8438721,0.04150391,1552.311
0.02282715,-0.8452148,0.06396484,1569.162
0.0123291,-0.8599854,0.07263184,1586.141
-0.00402832,-0.8751221,0.07751465,1602.932
-0.00402832,-0.8751221,0.07751465,1619.245
-0.01098633,-0.9078369,0.08227539,1636.735
-0.005371094,-0.9595947,0.08618164,1653.439
0.01647949,-0.9838867,0.09020996,1670.404
0.03015137,-0.9691162,0.08215332,1687.328
0.02636719,-0.9399413,0.08251953,1704.172
0.02441406,-0.9168701,0.08349609,1721.044
0.02441406,-0.9168701,0.08349609,1737.823
0.02978516,-0.8876953,0.08789063,1754.769
0.0324707,-0.8901367,0.0949707,1771.737
0.04040527,-0.9609376,0.09814453,1788.596
0.0904541,-1.000244,0.08679199,1805.305
0.09814453,-1.12561,0.06933594,1822.271
0.09814453,-1.12561,0.06933594,1839.148
0.05615234,-1.141357,0.05004883,1855.989
0.06921387,-1.017822,0.04760742,1873.021
0.0456543,-1.099243,0.07226563,1889.752
0.02429199,-1.341187,0.09680176,1906.612
0.001831055,-1.453491,0.05322266,1923.49
0.001831055,-1.453491,0.05322266,1940.264
-0.01403809,-1.469238,-0.02050781,1957.199
-0.04162598,-1.390747,-0.0258789,1973.975
-0.05419922,-1.268677,-0.04541016,1990.966
-0.04907227,-1.090088,-0.04711914,2007.779
-0.03857422,-0.9503174,-0.02783203,2024.737
-0.04418945,-0.8416748,-0.001708984,2041.515
-0.04418945,-0.8416748,-0.001708984,2058.42
-0.04492188,-0.7884521,0.04187012,2075.223
-0.05236816,-0.8387451,0.06970215,2092.185
-0.05688477,-0.8997803,0.09436035,2109.089
-0.04785156,-0.7971191,0.08435059,2125.955
-0.03417969,-0.7282715,0.08203125,2142.784
-0.03417969,-0.7282715,0.08203125,2159.585
-0.02905273,-0.7226563,0.08203125,2176.627
-0.0267334,-0.7580566,0.09545898,2193.403
-0.02331543,-0.7982178,0.100708,2210.252
-0.01855469,-0.8254395,0.1130371,2227.194
-0.02282715,-0.8631591,0.116333,2244.192
-0.03564453,-0.8931885,0.1040039,2260.892
-0.03564453,-0.8931885,0.1040039,2277.591
-0.03955078,-0.8687744,0.08898926,2294.872
-0.03894043,-0.845459,0.07666016,2311.626
-0.03930664,-0.9022217,0.06188965,2328.403
-0.02758789,-0.9840088,0.05615234,2345.27
-0.009521484,-1.000244,0.05883789,2362.108
-0.009521484,-1.000244,0.05883789,2379.029
-0.01757813,-1.017212,0.05224609,2395.896
-0.03430176,-1.074951,0.04003906,2412.781
-0.05200195,-1.141479,0.04125977,2429.655
-0.05322266,-1.165894,0.04614258,2446.676
-0.04931641,-1.177246,0.02966308,2463.376
-0.04931641,-1.177246,0.02966308,2480.237
-0.01538086,-1.124512,0.05334473,2497.153
0.03601074,-1.235352,0.09521484,2514.026
0.07250977,-1.326172,0.08898926,2530.898
0.08764648,-1.259155,0.08044434,2547.738
0.1083984,-1.242065,0.03125,2564.749
0.09802246,-1.282837,-0.0222168,2581.461
0.09802246,-1.282837,-0.0222168,2598.29
0.08422852,-1.141357,-0.01733398,2615.255
0.07983398,-0.9854736,0.008300781,2632.136
0.1057129,-0.9395752,0.03430176,2649.216
0.1160889,-1.011353,0.04992676,2665.852
0.1031494,-1.081909,0.03527832,2682.744
0.1031494,-1.081909,0.03527832,2699.553
0.09558105,-0.9476318,0.01599121,2716.496
0.08374023,-0.7462158,-0.0008544922,2733.362
0.07312012,-0.6815186,-0.002807617,2750.312
0.04162598,-0.657959,0.0213623,2767.158
0.02709961,-0.7192383,0.04064941,2784.011
0.0279541,-0.7677002,0.06542969,2800.885
0.0279541,-0.7677002,0.06542969,2817.65
0.03356934,-0.7945557,0.08569336,2834.531
0.03649902,-0.8547363,0.09399414,2851.534
0.03051758,-0.9102783,0.08093262,2868.401
0.0390625,-0.8775635,0.05480957,2885.233
0.0513916,-0.7763672,0.04504395,2902.005
0.0513916,-0.7763672,0.04504395,2918.892
0.07958984,-0.8101807,0.08007813,2935.748
0.09399414,-1.025391,0.08520508,2952.615
0.08703613,-1.055176,0.06774902,2969.521
0.08435059,-1.028564,0.07373047,2986.337
0.08581543,-1.174561,0.07470703,3003.21
0.08581543,-1.174561,0.07470703,3020.084
0.07348633,-1.264282,0.06542969,3036.937
0.0682373,-1.152466,0.04492188,3053.817
0.05163574,-1.194092,0.08776855,3070.706
0.008544922,-1.514526,0.0982666,3087.547
-0.01782227,-1.627808,0.08532715,3104.425
-0.03076172,-1.456543,0.03833008,3121.246
-0.03076172,-1.456543,0.03833008,3138.054
-0.0723877,-1.1875,0.01086426,3154.985
-0.07910156,-0.9923096,-0.001708984,3171.909
-0.04931641,-0.8995361,0.01489258,3188.84
-0.03942871,-0.8814697,0.01965332,3205.682
-0.04016113,-0.8427734,0.02734375,3222.589
-0.04016113,-0.8427734,0.02734375,3239.346
-0.0423584,-0.9295654,0.02160645,3255.49
-0.04223633,-0.982666,0.0246582,3273.052
-0.03015137,-0.8874511,0.01989746,3290.23
-0.01269531,-0.7808838,0.0144043,3306.866
0.006713868,-0.6905518,0.01171875,3323.75
0.006713868,-0.6905518,0.01171875,3340.603
0.007080078,-0.6677246,0.0291748,3357.403
0.0004882813,-0.7158203,0.06066895,3374.505
-0.01635742,-0.802124,0.09143066,3391.183
-0.02893066,-0.8370362,0.09790039,3408.041
-0.03820801,-0.848877,0.08203125,3424.865
-0.04443359,-0.8354492,0.04296875,3441.783
-0.04443359,-0.8354492,0.04296875,3458.645
-0.03393555,-0.7941895,-0.001831055,3475.701
-0.03039551,-0.8105469,-0.002929688,3492.448
-0.02966308,-0.9370117,0.02282715,3509.267
-0.03063965,-1.074829,0.03564453,3526.135
-0.02832031,-1.145752,0.04260254,3543.107
-0.02832031,-1.145752,0.04260254,3559.835
-0.02770996,-1.160034,0.03369141,3576.767
-0.04223633,-1.142822,0.004760742,3593.644
-0.04577637,-1.124756,-0.01074219,3610.465
-0.03234863,-1.172729,0.04553223,3627.559
-0.007568359,-1.380127,0.07824707,3644.223
0.01574707,-1.509033,0.07458496,3661.101
0.01574707,-1.509033,0.07458496,3677.882
0.04541016,-1.439697,0,3694.788
0.02270508,-1.322388,-0.03881836,3711.748
0.0135498,-1.190186,-0.06323242,3728.573
0.02868652,-1.082397,-0.05541992,3745.439
0.04309082,-0.9882813,-0.001464844,3762.266
0.04309082,-0.9882813,-0.001464844,3779.136
0.05505371,-0.9262695,0.03588867,3796.042
0.05639648,-0.8643799,0.04345703,3812.869
0.05395508,-0.817627,0.03564453,3829.737
0.04736328,-0.8056641,0.01843262,3846.633
0.03173828,-0.769043,0.01647949,3863.489
0.03173828,-0.769043,0.01647949,3880.353
0.01208496,-0.7336426,0.02441406,3897.276
-0.008911133,-0.7125244,0.02819824,3914.11
-0.01806641,-0.7073975,0.0324707,3930.977
-0.0255127,-0.7133789,0.04418945,3947.844
-0.03076172,-0.7607422,0.05957032,3964.746
-0.03759766,-0.8200684,0.07373047,3981.589
-0.03759766,-0.8200684,0.07373047,3998.361
-0.03869629,-0.8740234,0.05883789,4015.324
-0.06237793,-0.862915,0.01635742,4032.213
-0.03405762,-0.8228759,-0.004760742,4049.087
0.05200195,-0.9158936,0.009765625,4065.945
0.05334473,-1.072144,0.04858398,4085.189
0.05334473,-1.072144,0.04858398,4099.647
-0.00390625,-1.250366,0.08483887,4116.464
0.008056641,-1.343506,0.0826416,4133.433
0.03845215,-1.275513,0.08544922,4150.414
0.009887695,-1.188721,0.06164551,4167.154
-0.04138184,-1.176147,0.08447266,4184.055
-0.07043457,-1.486938,0.145752,4200.924
-0.07043457,-1.486938,0.145752,4217.797
-0.0880127,-1.630737,0.06677246,4234.681
-0.09301758,-1.460571,0.04309082,4251.554
-0.1159668,-1.250244,-0.01318359,4268.417
-0.1392822,-0.9851074,-0.0258789,4285.375
-0.1357422,-0.9012451,-0.01989746,4302.182
-0.1357422,-0.9012451,-0.01989746,4319.02
-0.1072998,-0.8258057,-0.001098633,4335.913
-0.1087646,-0.7834473,0.01098633,4352.805
-0.1140137,-0.7576904,0.03186035,4369.675
-0.09973145,-0.8492432,0.05895996,4386.551
-0.06860352,-0.9211426,0.05566406,4403.393
-0.06860352,-0.9211426,0.05566406,4420.261
-0.03479004,-0.8455811,0.0222168,4437.176
-0.006103516,-0.7340088,0.0006103516,4454.092
0.001098633,-0.6838379,-0.006591796,4470.94
-0.01611328,-0.7279053,0.02197266,4487.775
-0.03295898,-0.807251,0.04675293,4504.678
-0.02770996,-0.8344726,0.06677246,4521.503
-0.02770996,-0.8344726,0.06677246,4538.406
-0.01721191,-0.8432617,0.05981446,4555.352
-0.01904297,-0.833252,0.05615234,4572.176
-0.04089355,-0.8361816,0.04992676,4589.063
-0.03503418,-0.8029785,0.03564453,4606.061
-0.02331543,-0.7924805,0.04284668,4622.938
-0.02331543,-0.7924805,0.04284668,4639.61
-0.04077148,-0.9752197,0.08166504,4656.512
-0.07128906,-1.124756,0.08837891,4673.398
-0.06433105,-1.178833,0.06103516,4690.313
-0.01403809,-1.167603,0.001098633,4707.137
0.04443359,-1.151367,-0.07299805,4724.015
0.05249023,-1.121094,-0.06542969,4740.836
0.05249023,-1.121094,-0.06542969,4757.655
0.03125,-1.433838,0.06567383,4774.624
0.0123291,-1.570801,0.04516602,4791.441
0.04016113,-1.332153,-0.009155273,4808.33
0.04577637,-1.155151,-0.05798339,4825.213
0.03259277,-1.219238,-0.06152344,4842.073
0.03259277,-1.219238,-0.06152344,4858.923
0.04052734,-1.213501,-0.02453613,4875.864
0.06115723,-1.119263,-0.005859375,4892.701
0.08496094,-1.060547,0.01867676,4909.565
0.1107178,-1.037231,0.02404785,4926.476
0.1188965,-0.965332,-0.005004883,4943.294
0.1188965,-0.965332,-0.005004883,4960.105
0.1046143,-0.8409424,-0.01708984,4977.093
0.08105469,-0.7575684,-0.02368164,4993.917
0.05786132,-0.7203369,-0.03161621,5010.794
0.05078125,-0.7142334,-0.02160645,5027.691
0.0513916,-0.7470703,-0.006958008,5044.523
0.0513916,-0.7470703,-0.006958008,5061.334
0.05212402,-0.7469482,0.008789063,5078.271
0.04614258,-0.7463379,0.02600097,5095.129
0.0333252,-0.7521973,0.0402832,5112.024
0.02355957,-0.7502441,0.04150391,5128.899
0.01306152,-0.7435303,0.03955078,5145.786
0.01452637,-0.7185059,0.03955078,5162.624
0.01452637,-0.7185059,0.03955078,5179.534
0.01757813,-0.8100586,0.05078125,5196.344
0.02990723,-0.9545899,0.05603027,5213.227
0.03186035,-1.043457,0.06469727,5230.117
0.0008544922,-1.158813,0.1018066,5246.957
-0.03479004,-1.244507,0.09936523,5263.732
-0.03479004,-1.244507,0.09936523,5280.579
-0.03869629,-1.227783,0.07263184,5297.475
-0.04223633,-1.161865,0.04125977,5314.33
-0.06616211,-1.174438,0.05114746,5331.292
-0.06872559,-1.46521,0.09033203,5348.062
-0.05639648,-1.616211,0.02734375,5365.057
-0.04858398,-1.452881,0.002563477,5381.891
-0.04858398,-1.452881,0.002563477,5398.766
-0.1022949,-1.351074,-0.04443359,5415.76
-0.1314697,-1.271973,-0.0300293,5432.506
-0.1279297,-1.159424,-0.04162598,5449.39
-0.119751,-0.9407959,-0.08105469,5466.298
-0.126709,-0.772583,-0.07373047,5483.125
-0.126709,-0.772583,-0.07373047,5499.915
-0.1226807,-0.800293,-0.0333252,5516.836
-0.1066895,-0.9313965,0.002441406,5533.772
-0.08483887,-0.8511963,-0.004394531,5550.633
-0.08447266,-0.7443848,-0.02062988,5567.458
-0.09606934,-0.6878662,-0.03186035,5584.282
-0.09606934,-0.6878662,-0.03186035,5601.233
-0.0994873,-0.6960449,-0.02404785,5618.165
-0.08764648,-0.7585449,0.005249023,5634.892
-0.06481934,-0.8216553,0.02416992,5651.777
-0.03405762,-0.8209228,0.02734375,5668.793
-0.01574707,-0.7940674,0.01281738,5685.525
-0.01879883,-0.8144531,0.004760742,5702.394
-0.01879883,-0.8144531,0.004760742,5719.257
-0.03161621,-0.826416,0.002563477,5736.11
-0.03955078,-0.8104248,-0.006347656,5753.001
-0.0513916,-0.829712,0.008911133,5769.874
-0.05834961,-0.9287109,0.046875,5786.868
-0.05932617,-1.027832,0.06408691,5803.708
-0.05932617,-1.027832,0.06408691,5820.355
-0.08349609,-1.094482,0.08068848,5837.329
-0.08337402,-1.207153,0.0715332,5854.177
-0.03222656,-1.188965,0.0423584,5871.066
0.02453613,-1.055054,-0.01721191,5888.077
0.06481934,-1.267578,0.07116699,5904.899
0.1004639,-1.583374,0.05822754,5921.649
0.1004639,-1.583374,0.05822754,5938.415
0.100708,-1.642944,0.0489502,5955.489
0.06079102,-1.415161,0.01403809,5972.205
0.03063965,-1.136108,-0.08178711,5989.064
0.03479004,-0.9058837,-0.0793457,6006.139
0.05529785,-0.9281006,-0.03771973,6022.824
0.05529785,-0.9281006,-0.03771973,6039.672
0.07629395,-1.06604,-0.0004882813,6056.732
0.1119385,-1.074097,0.008789063,6073.522
0.1198731,-0.9941406,-0.01550293,6090.505
0.09179688,-0.9200439,-0.04064941,6107.191
0.04724121,-0.8387451,-0.04333496,6124.012
0.04724121,-0.8387451,-0.04333496,6140.856
0.0111084,-0.7335205,-0.0246582,6157.74
0.003051758,-0.6954346,-0.008178711,6174.647
0.003173828,-0.6953125,0.02282715,6191.482
0.003173828,-0.7489014,0.0513916,6208.32
-0.00769043,-0.7662354,0.05102539,6225.161
-0.01086426,-0.744751,0.03881836,6242.038
-0.01086426,-0.744751,0.03881836,6258.903
-0.01464844,-0.7069092,0.02600097,6275.796
-0.02307129,-0.7059326,0.01135254,6292.688
-0.03234863,-0.7348633,0.02099609,6309.567
-0.01464844,-0.8533935,0.04418945,6326.392
0.008544922,-0.9788819,0.0637207,6343.262
0.008544922,-0.9788819,0.0637207,6360.092
0.01940918,-1.082642,0.05993653,6376.985
0.003662109,-1.188843,0.07824707,6393.87
-0.02038574,-1.289185,0.07897949,6410.744
-0.007324218,-1.266479,0.06433105,6427.733
-0.007080078,-1.184326,0.02600097,6444.527
-0.04077148,-1.164673,0.02636719,6461.338
-0.04077148,-1.164673,0.02636719,6478.117
-0.04724121,-1.525513,0.0802002,6495.147
-0.0402832,-1.668457,0.06030273,6511.967
-0.03088379,-1.516724,0.05529785,6528.836
-0.08947754,-1.310425,0.01049805,6545.708
-0.1516113,-1.106201,-0.06323242,6562.761
-0.1516113,-1.106201,-0.06323242,6579.374
-0.1889648,-0.8969727,-0.07006836,6596.276
-0.2095947,-0.873413,-0.03540039,6613.34
-0.2039795,-0.9350585,-0.01416016,6629.982
-0.1549072,-0.9278565,-0.004150391,6646.917
-0.1086426,-0.8946533,-0.001464844,6663.757
-0.1086426,-0.8946533,-0.001464844,6680.602
-0.09082031,-0.8122559,-0.01342774,6697.517
-0.09057617,-0.7010498,-0.02075195,6714.526
-0.1032715,-0.6289063,-0.01757813,6731.254
-0.08898926,-0.6960449,-0.0007324219,6748.07
-0.07617188,-0.7609863,0.01403809,6765.009
-0.05639648,-0.8118896,0.03662109,6781.86
-0.05639648,-0.8118896,0.03662109,6798.695
-0.03479004,-0.8238525,0.04516602,6815.729
-0.03015137,-0.807251,0.04553223,6832.483
-0.03552246,-0.8095703,0.03308105,6849.38
-0.04138184,-0.8062744,0.02880859,6866.228
-0.04260254,-0.8045654,0.008422852,6883.106
-0.04260254,-0.8045654,0.008422852,6899.94
-0.04272461,-0.833374,0.02697754,6916.879
-0.03637695,-0.9605713,0.07092285,6933.689
-0.03564453,-1.149902,0.1019287,6950.556
-0.04638672,-1.219116,0.09802246,6967.424
-0.05078125,-1.18335,0.07617188,6984.337
-0.04016113,-1.123413,0.05725098,7001.204
-0.04016113,-1.123413,0.05725098,7018.151
-0.03198242,-1.093506,0.01806641,7035.022
-0.01867676,-1.279907,0.1195068,7051.848
0.01757813,-1.512085,0.03112793,7068.755
0.01306152,-1.327637,0.01049805,7085.628
0.01379395,-1.319214,0.05603027,7102.457
0.01379395,-1.319214,0.05603027,7119.384
0.0222168,-1.341064,0.06237793,7136.293
0.0003662109,-1.207397,0.02832031,7153.123
-0.01794434,-0.9676513,-0.002807617,7170.006
0.004638672,-0.8651122,0.01989746,7186.881
0.05114746,-0.9172363,0.04553223,7203.66
0.05114746,-0.9172363,0.04553223,7220.564
0.06750488,-0.9688721,0.04785156,7237.495
0.06481934,-0.914917,0.0222168,7254.279
0.05615234,-0.8067627,-0.01098633,7271.263
0.05456543,-0.7095947,-0.01916504,7288.121
0.04882813,-0.6514893,-0.009887695,7304.946
0.02319336,-0.6595459,0.02502441,7321.889
0.02319336,-0.6595459,0.02502441,7338.767
0.02246094,-0.7169189,0.06164551,7355.526
0.04394531,-0.8078613,0.04748535,7372.497
0.0333252,-0.8258057,0.0279541,7389.387
0.01171875,-0.7553711,0.001098633,7406.245
0.009765625,-0.7249756,-0.01965332,7423.116
0.009765625,-0.7249756,-0.01965332,7439.935
0.04602051,-0.7733154,-0.01953125,7456.867
0.05297851,-0.9411621,0.008911133,7473.788
0.03845215,-1.050049,0.03271484,7490.66
0.01867676,-1.149658,0.03369141,7507.495
-0.01574707,-1.251221,0.03552246,7524.361
-0.04418945,-1.287476,0.01049805,7541.231
-0.04418945,-1.287476,0.01049805,7558.041
-0.03649902,-1.209961,-0.04443359,7575.143
-0.03173828,-1.255371,0.008666992,7591.859
-0.06750488,-1.577148,0.07592773,7608.752
-0.1149902,-1.746216,0.06018066,7625.642
-0.1149902,-1.746216,0.06018066,7641.893
-0.08972168,-1.394287,-0.03942871,7659.261
-0.06945801,-1.199341,-0.07641602,7676.165
-0.06542969,-1.057617,-0.06530762,7693.089
-0.08874512,-0.9936523,-0.03796387,7709.939
-0.1086426,-0.9273682,-0.02233887,7726.779
-0.1195068,-0.8253174,0.008178711,7743.805
-0.1195068,-0.8253174,0.008178711,7760.479
-0.1107178,-0.8331299,0.02832031,7777.386
-0.0871582,-0.7989502,0.01965332,7794.433
-0.05615234,-0.7108154,0.009765625,7811.134
-0.04125977,-0.6337891,0,7827.956
-0.04077148,-0.6427002,0.002197266,7844.913
-0.05212402,-0.7445068,0.01806641,7861.654
-0.05212402,-0.7445068,0.01806641,7878.542
-0.04833984,-0.8094482,0.03674316,7895.494
-0.03515625,-0.8431396,0.03845215,7912.328
-0.02124023,-0.8775635,0.02697754,7929.255
-0.01708984,-0.8917236,0.0007324219,7946.279
-0.01586914,-0.8521729,-0.03601074,7962.979
-0.01586914,-0.8521729,-0.03601074,7979.82
-0.02746582,-0.8270264,-0.04003906,7996.74
-0.03955078,-0.8966064,0.00402832,8013.583
-0.04382324,-0.9829102,0.04211426,8030.468
-0.07177734,-1.063965,0.06298828,8047.332
-0.08056641,-1.110229,0.08850098,8064.192
-0.07104492,-1.216187,0.09570313,8081.057
-0.07104492,-1.216187,0.09570313,8097.875
-0.05749512,-1.268799,0.07275391,8114.874
-0.02319336,-1.221924,0.04296875,8131.694
0.008544922,-1.332275,0.1044922,8148.537
0.01525879,-1.478027,0.08422852,8165.429
0.01525879,-1.478027,0.08422852,8182.157
0.01269531,-1.531128,0.08117676,8199.184
0.02526855,-1.488647,0.0333252,8216.108
0.05322266,-1.276123,-0.08129883,8232.937
0.07043457,-0.9399413,-0.1436768,8249.874
0.09643555,-0.8304443,-0.1118164,8266.688
0.1032715,-0.9060059,-0.06286621,8283.49
0.1032715,-0.9060059,-0.06286621,8300.417
0.1114502,-0.9508057,-0.03588867,8317.328
0.1141357,-0.8602294,-0.03686523,8334.211
0.1085205,-0.7833252,-0.02099609,8351.085
0.06652832,-0.7751465,-0.004516602,8367.901
0.0345459,-0.732666,-0.005004883,8384.735
0.015625,-0.7143555,-0.007080078,8401.712
0.015625,-0.7143555,-0.007080078,8418.566
0.01464844,-0.7674561,-0.005493164,8435.455
0.0189209,-0.824707,0.008789063,8452.332
0.006958008,-0.8557129,0.02148438,8469.223
-0.006835938,-0.8671875,0.02453613,8486.07
-0.0189209,-0.8792725,0.01049805,8502.95
-0.0189209,-0.8792725,0.01049805,8519.749
-0.03918457,-0.8710938,0.01123047,8536.684
-0.03527832,-0.8476562,-0.005004883,8553.732
-0.01098633,-0.8190918,-0.02990723,8570.469
0.007080078,-0.8511963,-0.01660156,8587.428
0.01367188,-0.9658203,0.01293945,8604.18
0.02685547,-1.075928,0.04406738,8621.071
0.02685547,-1.075928,0.04406738,8637.84
0.0378418,-1.174194,0.06750488,8654.85
0.03771973,-1.292603,0.06811523,8671.689
0.03979492,-1.282349,0.03735352,8688.732
0.03466797,-1.173462,0.007202148,8705.445
0.03466797,-1.173462,0.007202148,8722.283
0.01757813,-1.302979,0.1235352,8739.187
0.001831055,-1.538818,0.1091309,8756.094
0.01074219,-1.346069,0.1149902,8772.901
-0.004272461,-1.248169,0.06762695,8789.807
-0.03015137,-1.091187,0.0279541,8806.651
-0.03967285,-0.9859619,-0.03442383,8823.538
-0.03967285,-0.9859619,-0.03442383,8840.425
-0.04394531,-0.942871,-0.06530762,8857.272
-0.04223633,-0.975708,-0.03515625,8874.16
-0.07177734,-0.9503174,-0.02368164,8891.04
-0.1038818,-0.920166,0.0008544922,8907.894
-0.09960938,-0.8881836,0.01281738,8924.729
-0.05578613,-0.8309326,0.01330566,8941.606
-0.05578613,-0.8309326,0.01330566,8958.456
-0.0258789,-0.7504883,0.008178711,8975.384
-0.02246094,-0.7003174,0.03149414,8992.271
-0.03222656,-0.7044678,0.0567627,9009.145
-0.04223633,-0.7427979,0.0748291,9026.008
-0.0489502,-0.776001,0.08166504,9042.87
-0.0489502,-0.776001,0.08166504,9059.711
-0.05456543,-0.7949219,0.08532715,9076.621
-0.03747559,-0.7758789,0.06652832,9093.453
-0.02502441,-0.7600098,0.04870605,9110.371
-0.01147461,-0.7731934,0.04272461,9127.223
0.002929688,-0.7855225,0.04516602,9144.103
0.002929688,-0.7855225,0.04516602,9160.946
-0.00769043,-0.8492432,0.07568359,9177.803
-0.009521484,-1.004639,0.08605957,9194.727
-0.001098633,-1.115723,0.09448242,9211.536
0.01428223,-1.199219,0.09729004,9228.461
0.02258301,-1.281616,0.07189941,9245.344
0.02258301,-1.281616,0.07189941,9262.203
-0.01159668,-1.215088,0.008544922,9279.054
0.0002441406,-1.180542,0.09509277,9295.953
0.01611328,-1.393311,0.07409668,9312.854
0.0144043,-1.513428,0.05493164,9329.741
0.008666992,-1.543579,-0.001098633,9346.584
0.007324218,-1.367798,-0.1021729,9363.405
0.007324218,-1.367798,-0.1021729,9380.264
0.03637695,-1.148682,-0.1397705,9397.209
0.0802002,-1.086182,-0.1053467,9414.083
0.09228516,-1.038086,-0.05883789,9430.97
0.09680176,-0.9576416,-0.01672363,9447.946
0.08764648,-0.8758546,0.005737305,9464.918
0.0690918,-0.8356934,0.0123291,9481.572
0.0690918,-0.8356934,0.0123291,9498.488
0.0526123,-0.8000488,0.01940918,9515.349
0.05273437,-0.7536621,0.02697754,9532.217
0.05786132,-0.7059326,0.02099609,9549.134
0.04992676,-0.7006836,0.02880859,9565.959
0.03088379,-0.7706299,0.0534668,9582.745
0.03088379,-0.7706299,0.0534668,9599.604
0.00744629,-0.8216553,0.08068848,9616.64
-0.008789063,-0.842041,0.07397461,9633.476
-0.00769043,-0.8259277,0.04748535,9650.355
-0.01293945,-0.7958984,0.01013184,9667.231
-0.02563477,-0.774292,-0.03259277,9684.121
-0.02197266,-0.7911377,-0.02380371,9701.026
-0.02197266,-0.7911377,-0.02380371,9717.822
0.002807617,-0.9005126,0.02172852,9734.725
0.04516602,-1.03064,0.04858398,9751.611
0.04211426,-1.158936,0.05578613,9768.666
-0.02575683,-1.258057,0.06054688,9785.339
-0.02575683,-1.258057,0.06054688,9802.196
-0.04541016,-1.192505,0.02807617,9819.117
-0.01452637,-1.100342,0.03149414,9836.008
-0.04431152,-1.268555,0.1387939,9853.001
-0.1051025,-1.637329,0.1656494,9869.895
-0.07666016,-1.71106,0.105957,9886.646
-0.04516602,-1.467896,0.04101563,9903.485
-0.04516602,-1.467896,0.04101563,9920.332
-0.04101563,-1.141846,-0.06726074,9937.216
-0.003051758,-0.9012451,-0.08178711,9954.114
-0.01257324,-0.9284668,-0.06274414,9970.979
-0.04309082,-0.9686279,-0.0559082,9987.803
-0.04223633,-0.9008789,-0.04077148,10004.86
-0.04919434,-0.8374023,0.0009765625,10021.53
-0.04919434,-0.8374023,0.0009765625,10038.39
-0.0567627,-0.8197021,0.01794434,10055.32
-0.03979492,-0.7546387,0.00402832,10072.2
-0.03112793,-0.6740723,0.01184082,10089.12
-0.04724121,-0.664917,0.02185059,10108.99
-0.0682373,-0.736084,0.03881836,10122.84
-0.0682373,-0.736084,0.03881836,10139.63
-0.07055664,-0.8017578,0.06542969,10156.62
-0.05859375,-0.7982178,0.08007813,10173.47
-0.05566406,-0.7978516,0.07714844,10190.35
-0.06213379,-0.8194579,0.0390625,10207.25
-0.04077148,-0.8287354,0.0002441406,10224.07
-0.04077148,-0.8287354,0.0002441406,10240.92
-0.01818848,-0.789917,-0.03894043,10257.83
-0.002441406,-0.7999267,-0.0345459,10274.72
-0.00769043,-0.9475098,0.02282715,10291.52
-0.03759766,-1.111572,0.02307129,10308.47
-0.06225586,-1.242798,0.03991699,10325.35
-0.06225586,-1.242798,0.03991699,10342.12
-0.03149414,-1.306885,0.00402832,10359.08
0.02648926,-1.194458,-0.03942871,10375.98
0.02770996,-1.151245,-0.005859375,10392.77
-0.0006103516,-1.359497,0.06848145,10409.71
0.00769043,-1.484131,0.06335449,10426.64
0.0201416,-1.469727,0.02624512,10443.41
0.0201416,-1.469727,0.02624512,10460.26
0.01904297,-1.313599,-0.02502441,10477.26
0.06750488,-1.174194,-0.04150391,10494.15
0.08666992,-1.101807,-0.01049805,10511.05
0.08972168,-0.9934081,0.009277344,10527.9
0.1098633,-0.8979492,0.01879883,10544.82
0.1088867,-0.8546143,0.0246582,10561.65
0.1088867,-0.8546143,0.0246582,10578.49
0.09020996,-0.8670654,0.01647949,10595.46
0.06677246,-0.8190918,0.00378418,10612.29
0.04870605,-0.7576904,-0.008422852,10629.17
0.04626465,-0.737793,-0.01574707,10646.03
0.03845215,-0.7554932,-0.01123047,10662.91
0.03845215,-0.7554932,-0.01123047,10679.7
0.008911133,-0.7950439,0.004272461,10696.68
-0.02087402,-0.8265381,0.02038574,10713.5
-0.03796387,-0.8214111,0.03137207,10730.37
-0.04138184,-0.8048096,0.0267334,10747.27
-0.03027344,-0.7802734,0.01635742,10764.16
-0.02368164,-0.7591553,-0.01367188,10781.04
-0.02368164,-0.7591553,-0.01367188,10797.88
-0.0258789,-0.7554932,-0.03723145,10814.74
-0.01342774,-0.8808594,0.01940918,10831.61
0,-1.050659,0.05432129,10848.44
0.006103516,-1.176514,0.05493164,10865.37
0.006103516,-1.176514,0.05493164,10882.17
0.001220703,-1.228271,0.05517578,10899.1
-0.006347656,-1.246582,0.0456543,10915.98
-0.01062012,-1.226807,0.008056641,10932.84
-0.03686523,-1.353394,0.08166504,10949.71
-0.1102295,-1.696289,0.1270752,10966.57
-0.1636963,-1.708862,0.1220703,10983.47
-0.1636963,-1.708862,0.1220703,11000.4
-0.1383057,-1.37561,0.04577637,11017.2
-0.09057617,-1.074829,-0.03662109,11034.19
-0.03491211,-0.9273682,-0.06335449,11051.06
-0.02502441,-0.8914795,-0.03527832,11067.79
-0.04516602,-0.927002,-0.01074219,11084.84
-0.05859375,-0.9100342,-0.02087402,11101.55
-0.05859375,-0.9100342,-0.02087402,11118.38
-0.06506348,-0.9064942,0.004760742,11135.35
-0.07568359,-0.9031982,0.005004883,11152.23
-0.0703125,-0.8270264,-0.002685547,11169.16
-0.05371094,-0.7420654,-0.005004883,11186.1
-0.03540039,-0.6956787,-0.005371094,11202.86
-0.03540039,-0.6956787,-0.005371094,11219.71
-0.04174805,-0.7183838,0.01330566,11236.69
-0.04248047,-0.7949219,0.03356934,11253.57
-0.03747559,-0.8500977,0.04785156,11270.36
-0.02197266,-0.8483887,0.03991699,11287.33
-0.005004883,-0.8157959,0.0267334,11304.19
-0.005004883,-0.8157959,0.0267334,11321.06
0.004638672,-0.7651367,0.01416016,11337.89
0.008178711,-0.7185059,-0.01098633,11354.81
0.01037598,-0.7459717,0.001464844,11371.7
-0.008666992,-0.9002686,0.05273437,11388.57
-0.03112793,-1.078613,0.0871582,11405.44
-0.03112793,-1.078613,0.0871582,11422.3
-0.05603027,-1.137939,0.08813477,11439.2
-0.04968262,-1.143433,0.05957032,11456.21
-0.03308105,-1.113403,0.02319336,11472.96
-0.009033203,-1.088135,0.02185059,11489.82
0.01123047,-1.325684,0.1140137,11506.68
0.002197266,-1.542969,0.116333,11523.57
0.002197266,-1.542969,0.116333,11540.43
-0.001831055,-1.563232,0.06469727,11557.34
-0.001953125,-1.358398,-0.01940918,11574.22
0.02978516,-1.197266,-0.0826416,11591.11
0.06152344,-1.142578,-0.08740234,11607.93
0.07226563,-1.098877,-0.08972168,11624.89
0.06921387,-0.9810791,-0.03637695,11641.73
0.06921387,-0.9810791,-0.03637695,11658.79
0.07043457,-0.9267578,0.01049805,11675.5
0.06628418,-0.8939209,0.05285644,11692.35
0.05981446,-0.8548583,0.06188965,11709.24
0.03771973,-0.7685547,0.04016113,11726.08
0.03161621,-0.7027588,0.03100586,11742.93
0.03161621,-0.7027588,0.03100586,11759.8
0.01965332,-0.6682129,0.03015137,11776.62
0.01281738,-0.6744385,0.04492188,11793.61
0.01489258,-0.7050781,0.0637207,11810.46
0.01403809,-0.7438965,0.08093262,11827.24
0.001098633,-0.7884521,0.08776855,11844.21
-0.01794434,-0.8425293,0.09179688,11861.08
-0.01794434,-0.8425293,0.09179688,11877.92
-0.01855469,-0.8773194,0.07861328,11894.9
-0.003173828,-0.8414307,0.04980469,11911.64
0.01147461,-0.7819824,0.02490234,11928.7
0.01330566,-0.8468018,0.04309082,11945.48
0.01330566,-0.8468018,0.04309082,11962.34
-0.0006103516,-1.016724,0.1031494,11979.21
-0.01367188,-1.139893,0.1287842,11996.11
-0.01806641,-1.298828,0.1356201,12012.99
-0.01269531,-1.344482,0.07250977,12029.86
-0.001708984,-1.303955,0.04321289,12046.72
-0.02282715,-1.532715,0.09716797,12063.6
-0.02282715,-1.532715,0.09716797,12080.47
-0.0489502,-1.822876,0.08410645,12097.35
-0.04211426,-1.613281,0.009277344,12114.24
-0.04516602,-1.292236,-0.06567383,12131.13
-0.07800293,-1.026245,-0.09655762,12147.95
-0.1097412,-0.9278565,-0.07543945,12164.81
-0.1185303,-1.006226,-0.04614258,12181.69
-0.1185303,-1.006226,-0.04614258,12198.53
-0.09631348,-1.010254,-0.0345459,12215.48
-0.07849121,-0.8924561,0.0004882813,12232.36
-0.06286621,-0.8238525,0.03771973,12249.21
-0.05163574,-0.7509766,0.03833008,12266.1
-0.05456543,-0.6539307,0.0189209,12282.99
-0.05456543,-0.6539307,0.0189209,12299.8
-0.08325195,-0.6251221,-0.007324218,12316.9
-0.08410645,-0.7119141,-0.001831055,12333.61
-0.06530762,-0.743042,0.01513672,12350.68
-0.05554199,-0.7581787,0.03979492,12367.48
-0.05297851,-0.7868652,0.05297851,12384.23
-0.05883789,-0.8382568,0.05090332,12401.29
-0.05883789,-0.8382568,0.05090332,12417.9
-0.05651855,-0.8691406,0.04101563,12434.87
-0.04040527,-0.8137207,0.01281738,12451.89
-0.02783203,-0.7607422,0.01037598,12468.67
-0.0222168,-0.838501,0.0222168,12485.54
-0.0222168,-0.838501,0.0222168,12502.36
-0.03405762,-0.9898682,0.03466797,12519.25
-0.0501709,-1.141602,0.03271484,12536.11
-0.04870605,-1.188721,0.03259277,12553.16
-0.03186035,-1.193115,0.02099609,12569.86
-0.0390625,-1.168457,-0.006713868,12586.76
-0.03930664,-1.251221,0.05603027,12603.5
-0.03930664,-1.251221,0.05603027,12620.36
-0.005004883,-1.600708,0.09753418,12637.26
0.03833008,-1.680176,0.06567383,12654.14
0.06030273,-1.359619,-0.01025391,12671.05
0.02990723,-1.086304,-0.05554199,12687.87
0.01879883,-0.9840088,-0.005615234,12704.76
0.03710938,-1.072876,0.03845215,12721.63
0.03710938,-1.072876,0.03845215,12738.5
0.0736084,-1.064697,0.05383301,12755.61
0.0769043,-0.9981689,0.05664063,12772.54
0.07373047,-0.9620361,0.05395508,12789.37
0.07702637,-0.9133301,0.02856445,12806.07
0.07922363,-0.8115234,0.002563477,12823.11
0.07922363,-0.8115234,0.002563477,12839.8
0.06494141,-0.7102051,-0.01220703,12856.74
0.01818848,-0.6804199,-0.007080078,12873.75
-0.0234375,-0.7069092,0.01098633,12890.48
-0.03979492,-0.7421875,0.04284668,12907.46
-0.0345459,-0.7368164,0.05957032,12924.35
-0.02783203,-0.7102051,0.07336426,12941.06
-0.02783203,-0.7102051,0.07336426,12957.9
-0.0378418,-0.7397461,0.09753418,12974.81
-0.05895996,-0.8018799,0.1014404,12991.83
-0.05981446,-0.8077393,0.07299805,13008.53
-0.04309082,-0.7315674,0.02062988,13025.48
-0.04309082,-0.7315674,0.02062988,13042.3
-0.01013184,-0.6955566,-0.0009765625,13059.22
0.005493164,-0.8532715,0.04650879,13076.07
-0.01159668,-1.098633,0.08642578,13093.07
-0.03710938,-1.285278,0.1102295,13109.83
-0.07165527,-1.35791,0.09912109,13126.61
-0.08166504,-1.251099,0.0682373,13143.61
-0.08166504,-1.251099,0.0682373,13160.43
-0.08642578,-1.293579,0.1221924,13177.33
-0.09814453,-1.603516,0.1385498,13194.3
-0.08996582,-1.75415,0.1137695,13211.08
-0.05786132,-1.540039,0.06848145,13227.96
-0.05480957,-1.350464,-0.0078125,13244.89
-0.06420898,-0.9649658,-0.03527832,13261.71
-0.06420898,-0.9649658,-0.03527832,13278.6
-0.07727051,-0.8839111,0.01647949,13295.43
-0.07873535,-0.9726563,0.04541016,13312.34
-0.07019043,-0.9638672,0.04907227,13329.24
-0.07067871,-0.8862305,0.05151367,13346.07
-0.07397461,-0.8791503,0.05578613,13362.91
-0.07397461,-0.8791503,0.05578613,13379.77
-0.06640625,-0.8510743,0.03125,13396.86
-0.05859375,-0.7679443,0.003173828,13413.57
-0.05871582,-0.6782227,-0.006958008,13430.44
-0.05334473,-0.6610107,-0.0003662109,13447.37
-0.04785156,-0.7124023,0.02172852,13464.22
-0.0435791,-0.7446289,0.04162598,13481.13
-0.0435791,-0.7446289,0.04162598,13498
-0.03723145,-0.7310791,0.05236816,13514.85
-0.03125,-0.7258301,0.05725098,13531.69
-0.03723145,-0.7286377,0.0279541,13548.54
-0.03442383,-0.6760254,-0.006469726,13565.47
-0.05554199,-0.7548828,0.02270508,13582.48
-0.05554199,-0.7548828,0.02270508,13599.16
-0.09460449,-0.9754639,0.08618164,13616.05
-0.1280518,-1.166748,0.09887695,13632.93
-0.1365967,-1.199097,0.1208496,13649.99
-0.1190186,-1.185547,0.100708,13666.65
-0.09899902,-1.10022,0.04968262,13683.54
-0.09899902,-1.10022,0.04968262,13700.43
-0.05554199,-1.162109,0.0769043,13717.29
-0.02282715,-1.437622,0.08984375,13734.18
0.0006103516,-1.675903,0.07519531,13751.05
0.0345459,-1.657715,0.01489258,13767.87
0.05432129,-1.477051,-0.03955078,13785.47
0.05371094,-1.225464,-0.09692383,13801.77
0.05371094,-1.225464,-0.09692383,13818.37
0.05249023,-0.9908447,-0.1060791,13835.51
0.04223633,-0.8746338,-0.04858398,13852.34
0.04443359,-0.9061279,0.008422852,13869.19
0.05993653,-0.9371338,0.03161621,13886.02
0.05041504,-0.9262695,0.02624512,13902.88
0.05041504,-0.9262695,0.02624512,13919.74
0.0258789,-0.8493652,0.005126953,13936.76
0.01586914,-0.7366943,-0.008544922,13953.51
0.00402832,-0.6612549,-0.007080078,13970.36
-0.00378418,-0.6671143,-0.003295898,13987.37
-0.004272461,-0.7043457,0.008300781,14004.2
-0.002075195,-0.7305908,0.02539063,14021
-0.002075195,-0.7305908,0.02539063,14037.76
-0.00769043,-0.7906494,0.04492188,14054.89
-0.01635742,-0.8654785,0.05212402,14071.76
-0.02160645,-0.8833008,0.05334473,14088.5
0.005371094,-0.8413085,0.01879883,14105.32
0.005371094,-0.8413085,0.01879883,14122.15
0.03686523,-0.729248,-0.02856445,14139.21
0.03979492,-0.7050781,-0.01293945,14156.06
0.008789063,-0.8591309,0.04650879,14172.91
-0.02087402,-1.158447,0.1018066,14189.65
-0.02331543,-1.37207,0.1016846,14206.57
-0.0123291,-1.414673,0.05554199,14223.43
-0.0123291,-1.414673,0.05554199,14240.26
-0.01403809,-1.372437,0.09411621,14257.32
-0.08337402,-1.56897,0.1647949,14274.01
-0.1315918,-1.740967,0.1143799,14290.95
-0.1373291,-1.547363,0.04101563,14307.88
-0.1612549,-1.317017,-0.06567383,14324.67
-0.1923828,-1.188599,-0.1120605,14341.5
-0.1923828,-1.188599,-0.1120605,14358.45
-0.2177734,-1.181396,-0.1154785,14375.25
-0.1781006,-1.084229,-0.123291,14392.13
-0.1109619,-0.9281006,-0.1099854,14409.08
-0.07751465,-0.8022461,-0.05395508,14425.9
-0.07788086,-0.7644043,-0.00793457,14442.75
-0.07788086,-0.7644043,-0.00793457,14459.54
-0.08215332,-0.6931152,0.006713868,14476.49
-0.05847168,-0.592041,0.0168457,14493.38
-0.0447998,-0.5948486,0.03271484,14510.22
-0.04772949,-0.6810303,0.05798339,14527.11
-0.04760742,-0.7303467,0.07873535,14544
-0.04760742,-0.7303467,0.07873535,14560.83
-0.04370117,-0.7340088,0.08581543,14577.71
-0.05200195,-0.7406006,0.09399414,14594.64
-0.05908203,-0.7532959,0.0925293,14611.54
-0.04980469,-0.7369385,0.09143066,14628.27
-0.04833984,-0.7543945,0.07568359,14645.36
-0.04833984,-0.7543945,0.07568359,14662.24
-0.05712891,-0.7768555,0.03344727,14678.99
-0.05554199,-0.7468262,-0.006591796,14695.86
-0.05603027,-0.821167,0.04003906,14712.88
-0.07666016,-1.060791,0.0682373,14729.59
-0.09765625,-1.253906,0.07800293,14746.45
-0.1003418,-1.315674,0.05737305,14763.33
-0.1003418,-1.315674,0.05737305,14780.14
-0.06884766,-1.194702,0.01196289,14797.11
-0.03747559,-1.291626,0.04284668,14814.13
0.004516602,-1.551025,0.06762695,14830.96
0.01721191,-1.742554,0.0546875,14847.66
0.01965332,-1.563354,-0.007202148,14864.59
0.0378418,-1.393188,-0.07849121,14881.46
0.0378418,-1.393188,-0.07849121,14898.31
0.06665039,-1.247925,-0.1306152,14915.21
0.1101074,-1.078491,-0.1378174,14932.11
0.1322021,-0.932251,-0.1096191,14948.95
0.1218262,-0.8356934,-0.06982422,14965.89
0.0802002,-0.8028564,-0.01525879,14982.72
0.0802002,-0.8028564,-0.01525879,14999.56
0.04699707,-0.7945557,0.03027344,15016.46
0.0291748,-0.7852783,0.03894043,15033.35
0.02233887,-0.7480469,0.01831055,15050.22
0.005615234,-0.692749,0.01928711,15067.09
-0.02001953,-0.6811523,0.009399414,15084.09
-0.02001953,-0.6811523,0.009399414,15100.81
-0.04406738,-0.7108154,0.01013184,15117.67
-0.05334473,-0.7689209,0.01782227,15134.57
-0.05554199,-0.8273926,0.009521484,15151.45
-0.05664063,-0.8608399,0.00769043,15168.28
-0.04309082,-0.8658447,0.001831055,15185.24
-0.03527832,-0.8394775,-0.0546875,15202.25
-0.03527832,-0.8394775,-0.0546875,15218.92
-0.01501465,-0.8046875,-0.07861328,15235.83
0.002929688,-0.8350831,-0.05297851,15252.6
0.003662109,-0.9656982,0.02453613,15269.44
0.0007324219,-1.115723,0.06176758,15286.34
0.0004882813,-1.179688,0.06604004,15303.36
0.0004882813,-1.179688,0.06604004,15320.14
-0.008422852,-1.229736,0.04223633,15336.96
-0.01635742,-1.221313,0.01196289,15353.83
-0.01599121,-1.200562,0.06359863,15370.73
-0.05126953,-1.542358,0.171875,15387.62
-0.06481934,-1.798096,0.1337891,15404.58
-0.05505371,-1.492554,0.03747559,15421.37
-0.05505371,-1.492554,0.03747559,15438.23
-0.06750488,-1.15625,-0.01171875,15455.07
-0.08007813,-0.9761963,-0.04504395,15472.06
-0.1008301,-0.9586182,-0.05578613,15488.84
-0.1364746,-1.012085,-0.05493164,15505.69
-0.1462402,-0.9803467,-0.05407715,15522.65
-0.1462402,-0.9803467,-0.05407715,15539.49
-0.1375732,-0.9637451,-0.02026367,15556.47
-0.1135254,-0.967163,-0.01171875,15573.18
-0.08496094,-0.8836671,-0.01477051,15590.11
-0.07666016,-0.7628174,-0.02282715,15607.17
-0.0690918,-0.6726074,-0.01416016,15623.9
-0.0690918,-0.6726074,-0.01416016,15640.76
-0.05236816,-0.6656494,-0.0009765625,15657.62
-0.03942871,-0.7290039,0.02453613,15674.51
-0.03405762,-0.807251,0.05334473,15691.44
-0.03686523,-0.817627,0.05773925,15708.23
-0.03601074,-0.7648926,0.04638672,15725.19
-0.03601074,-0.7648926,0.04638672,15742
-0.02856445,-0.7420654,0.02307129,15758.94
-0.02258301,-0.7246094,-0.009521484,15775.82
-0.01538086,-0.7286377,-0.009033203,15792.66
-0.01611328,-0.8475342,0.02087402,15809.49
-0.02758789,-0.9763183,0.04541016,15826.41
-0.05651855,-1.045044,0.05737305,15843.22
-0.05651855,-1.045044,0.05737305,15860.1
-0.07678223,-1.131592,0.08447266,15877.05
-0.08850098,-1.19104,0.08508301,15893.92
-0.08081055,-1.174194,0.0690918,15910.69
-0.08325195,-1.100586,0.02270508,15927.65
-0.05224609,-1.211304,0.08508301,15944.51
-0.004638672,-1.496826,0.03491211,15961.39
-0.004638672,-1.496826,0.03491211,15978.25
0.01062012,-1.588745,0.05981446,15995.21
0.003540039,-1.575928,0.03857422,16012.02
-0.005371094,-1.415161,-0.02001953,16028.91
-0.001586914,-1.198975,-0.08117676,16045.77
0.04467773,-0.984375,-0.09985352,16062.65
0.04467773,-0.984375,-0.09985352,16079.45
0.07983398,-0.8824463,-0.08605957,16096.39
0.08691406,-0.8428955,-0.04846191,16113.27
0.08117676,-0.8526611,-0.01965332,16132.6
0.06396484,-0.8572997,-0.001831055,16147.06
0.04418945,-0.8535157,0.006469726,16163.89
0.04418945,-0.8535157,0.006469726,16180.73
0.02209473,-0.8012695,0.005737305,16197.8
0.01379395,-0.7209473,0.005615234,16214.72
0.02099609,-0.6942139,0.007080078,16231.39
0.01696777,-0.7150879,0.01660156,16248.23
0.01818848,-0.7626953,0.03491211,16265.05
0.01818848,-0.7626953,0.03491211,16281.95
0.004272461,-0.821167,0.04406738,16298.97
-0.01330566,-0.8458252,0.04211426,16315.65
-0.02380371,-0.8518066,0.03112793,16332.53
-0.01379395,-0.8424072,0.01477051,16349.5
-0.005126953,-0.8179931,-0.01452637,16366.36
0.0111084,-0.7850342,-0.03991699,16383.21
0.0111084,-0.7850342,-0.03991699,16400.07
0.02062988,-0.857666,-0.002197266,16416.96
0.03051758,-1.018433,0.03918457,16433.89
0.03991699,-1.134521,0.04724121,16450.9
0.03344727,-1.182251,0.04089355,16467.54
0.005737305,-1.203491,0.03442383,16484.53
-0.0144043,-1.180664,0.00793457,16501.35
-0.0144043,-1.180664,0.00793457,16518.2
-0.02575683,-1.123657,-0.02319336,16535.15
-0.04833984,-1.271484,0.04003906,16552.06
-0.07409668,-1.539185,0.01220703,16568.96
-0.08752441,-1.51001,-0.02685547,16585.82
-0.09765625,-1.427856,-0.03979492,16602.82
-0.09765625,-1.427856,-0.03979492,16619.45
-0.1025391,-1.300537,-0.1113281,16636.41
-0.1053467,-1.0271,-0.1607666,16653.29
-0.1082764,-0.9572754,-0.1094971,16670.27
-0.1219482,-1.008423,-0.06323242,16687.06
-0.1275635,-1.005737,-0.02539063,16703.93
-0.1275635,-1.005737,-0.02539063,16720.79
-0.1212158,-0.9786377,0.01074219,16737.5
-0.1074219,-0.9224853,0.01928711,16754.56
-0.08691406,-0.8167725,0.008178711,16771.42
-0.07397461,-0.6950684,0.005981445,16788.21
-0.06604004,-0.6179199,0.01550293,16805.18
-0.06604004,-0.6179199,0.01550293,16822
-0.05957032,-0.6483154,0.02966308,16838.88
-0.06420898,-0.7471924,0.04577637,16855.8
-0.07177734,-0.8328857,0.07275391,16872.69
-0.08007813,-0.8603516,0.07189941,16889.56
-0.08874512,-0.8260498,0.05334473,16906.42
-0.08288574,-0.7611084,0.01965332,16923.27
-0.08288574,-0.7611084,0.01965332,16940.1
-0.0682373,-0.6749268,-0.02355957,16957.09
-0.05969239,-0.7368164,0.009155273,16973.92
-0.06347656,-0.9042969,0.03967285,16990.8
-0.0670166,-1.032593,0.02954101,17007.82
-0.07873535,-1.057007,0.0300293,17024.55
-0.0916748,-1.099731,0.01806641,17041.42
-0.0916748,-1.099731,0.01806641,17058.24
-0.1002197,-1.126709,-0.002807617,17075.19
-0.09423828,-1.139526,-0.01586914,17092.01
-0.07714844,-1.126953,-0.02441406,17109.02
-0.05639648,-1.181763,0.03503418,17125.75
-0.02636719,-1.356689,0.00793457,17142.62
-0.02636719,-1.356689,0.00793457,17159.42
-0.01501465,-1.41748,0.03515625,17176.37
-0.007202148,-1.583496,0.01245117,17193.24
0.01257324,-1.570679,-0.01550293,17210.29
0.02502441,-1.317017,-0.09606934,17227.02
0.0333252,-0.9398193,-0.1323242,17243.84
0.0333252,-0.9398193,-0.1323242,17260.88
0.0567627,-0.8415527,-0.09777832,17277.6
0.07116699,-0.8936768,-0.06958008,17294.5
0.06652832,-0.9467773,-0.04821777,17311.57
0.05810547,-0.9414062,-0.03393555,17328.23
0.04589844,-0.9168701,-0.03723145,17345.1
0.04589844,-0.9168701,-0.03723145,17362.11
0.03234863,-0.8674316,-0.05700684,17379.03
0.02282715,-0.779541,-0.07568359,17395.73
0.02416992,-0.7414551,-0.0637207,17412.61
0.03820801,-0.8039551,-0.04296875,17429.65
0.04492188,-0.8656005,-0.02722168,17446.42
0.04418945,-0.8684082,-0.01904297,17463.23
0.04418945,-0.8684082,-0.01904297,17480.04
0.03479004,-0.8618165,-0.01635742,17497
0.01525879,-0.8564454,-0.007568359,17513.92
0.001464844,-0.8365479,-0.004760742,17530.77
-0.004516602,-0.7935791,0.001586914,17547.65
-0.01403809,-0.7810059,0.01013184,17564.7
-0.01013184,-0.8118896,0.02282715,17581.38
-0.01013184,-0.8118896,0.02282715,17598.22
-0.004394531,-0.8829346,0.05847168,17615.14
-0.005859375,-0.9467773,0.07385254,17632.05
-0.0135498,-0.982666,0.07580566,17648.93
-0.02392578,-1.068604,0.07653809,17665.78
-0.02197266,-1.171997,0.06518555,17682.66
-0.02197266,-1.171997,0.06518555,17699.61
-0.01843262,-1.176514,0.04052734,17716.44
-0.02539063,-1.122925,0.04077148,17733.29
-0.05102539,-1.244385,0.0904541,17750.13
-0.06396484,-1.469604,0.07543945,17767.08
-0.0690918,-1.488281,0.0456543,17783.91
-0.0690918,-1.488281,0.0456543,17800.74
-0.07177734,-1.50293,0.0001220703,17817.57
-0.08666992,-1.369507,-0.06286621,17834.56
-0.100708,-1.072632,-0.1480713,17851.41
-0.1068115,-0.9311523,-0.1484375,17868.27
-0.1270752,-0.9122314,-0.1420898,17885.13
-0.1270752,-0.9122314,-0.1420898,17901.89
-0.1385498,-0.8858643,-0.123291,17918.91
-0.1235352,-0.8514404,-0.102417,17935.77
-0.07543945,-0.9046631,-0.0880127,17952.65
-0.1188965,-0.9287109,-0.09631348,17969.5
-0.02746582,-0.8833008,-0.1373291,17986.38
-0.02319336,-0.8504638,-0.1625977,18003.26
-0.02319336,-0.8504638,-0.1625977,18020.12
0.005371094,-0.8479004,-0.151123,18036.89
-0.006103516,-0.8779297,-0.1313477,18053.89
-0.02148438,-0.8723145,-0.1149902,18070.75
-0.03869629,-0.866333,-0.1115723,18087.49
-0.0402832,-0.8419189,-0.1191406,18104.47
-0.02380371,-0.8408203,-0.1550293,18121.29
-0.02380371,-0.8408203,-0.1550293,18138.21
-0.009887695,-0.8109131,-0.1676025,18155.12
-0.05236816,-0.8493652,-0.1408691,18171.94
-0.0592041,-0.8895264,-0.1417236,18188.86
-0.07592773,-0.9676513,-0.116333,18205.7
-0.0994873,-1.046387,-0.1171875,18222.63
-0.0994873,-1.046387,-0.1171875,18239.33
-0.09362793,-1.01416,-0.1165771,18256.37
-0.06481934,-0.9522705,-0.09899902,18273.25
-0.04553223,-1.00769,-0.06347656,18290.09
-0.02307129,-1.122192,-0.04882813,18307.04
0.0007324219,-1.185425,-0.046875,18323.85
0.0007324219,-1.185425,-0.046875,18340.69
0.01477051,-1.271606,-0.05053711,18357.59
-0.00390625,-1.285156,-0.09509277,18374.47
0.01672363,-1.124878,-0.09619141,18391.47
0.03674316,-1.043091,-0.0838623,18408.23
0.05822754,-1.053223,-0.08435059,18425.1
0.05822754,-1.053223,-0.08435059,18441.86
0.04699707,-1.074585,-0.08129883,18458.8
0.03344727,-1.059448,-0.07202148,18475.75
0.01977539,-1.053589,-0.05993653,18492.63
0.02453613,-0.9830322,-0.05603027,18509.46
0.02832031,-0.8918456,-0.07080078,18526.5
0.04943848,-0.8515626,-0.07678223,18543.32
0.04943848,-0.8515626,-0.07678223,18560.07
0.03979492,-0.8963623,-0.0826416,18576.99
-0.001586914,-0.9526368,-0.07971191,18593.77
0.02075195,-0.9335937,-0.09057617,18610.64
0.002563477,-0.9099122,-0.09667969,18627.47
0.006958008,-0.8804932,-0.1087646,18644.43
0.04663086,-0.9067383,-0.1148682,18661.35
0.04663086,-0.9067383,-0.1148682,18678.18
-0.01220703,-1.113647,-0.00402832,18695.13
-0.06298828,-1.100708,-0.1060791,18711.97
0.006835938,-0.8135986,-0.08325195,18728.88
-0.02954101,-1.181152,-0.06994629,18745.77
0.01257324,-1.07019,-0.09387207,18762.59
0.01257324,-1.07019,-0.09387207,18779.39
0.02050781,-0.9512939,-0.0916748,18796.3
-0.0002441406,-0.9400635,-0.09533691,18813.55
-0.0004882813,-0.9768066,-0.08325195,18830.07
-0.02905273,-0.9564208,-0.07458496,18846.97
-0.04614258,-0.9759522,-0.06542969,18863.84