-0.02697754,-0.9716797,-0.1134033,16.91846
-0.001586914,-0.9818116,-0.147583,33.63858
-0.01208496,-0.9770508,-0.1296387,50.40363
-0.02172852,-0.9873047,-0.1313477,67.29938
-0.0279541,-0.9980469,-0.128418,84.39467
-0.0279541,-0.9980469,-0.128418,101.0255
-0.01916504,-0.9957275,-0.1308594,117.9582
-0.01525879,-0.9886475,-0.1373291,134.7217
-0.01452637,-0.9874268,-0.1324463,151.4739
-0.01428223,-0.9935303,-0.135376,168.4111
-0.01611328,-0.9985352,-0.1339111,185.2335
-0.01611328,-0.9985352,-0.1339111,202.0058
-0.02160645,-0.9953613,-0.130249,218.8698
-0.02246094,-0.9849854,-0.1271973,235.7035
-0.02026367,-0.9868164,-0.1271973,252.7383
-0.01831055,-0.9841308,-0.1236572,269.5749
-0.01916504,-0.987793,-0.1259766,286.4321
-0.01916504,-0.987793,-0.1259766,303.1222
-0.01977539,-0.9898682,-0.1234131,320.1393
-0.01928711,-0.9903564,-0.1206055,336.8798
-0.0213623,-0.987915,-0.1220703,353.7802
-0.0213623,-0.9844971,-0.1287842,370.5967
-0.01574707,-0.9897461,-0.1298828,387.4362
-0.01538086,-0.9931641,-0.1304932,404.2709
-0.01538086,-0.9931641,-0.1304932,421.0904
-0.01098633,-0.9946289,-0.1347656,437.9786
-0.003417969,-0.9969482,-0.1358643,454.8326
-0.0006103516,-1,-0.1397705,471.7827
0.005126953,-0.9904785,-0.1416016,488.5497
0.00744629,-0.988037,-0.1425781,505.2935
0.00744629,-0.988037,-0.1425781,522.3166
0.005004883,-0.9893799,-0.1452637,539.0981
0.003051758,-0.9858398,-0.1429443,555.9572
0.006347656,-0.9819336,-0.1468506,572.8636
0.00378418,-0.9833984,-0.144043,589.6705
0.002441406,-0.9881592,-0.1490479,606.4655
0.007080078,-0.9858398,-0.1479492,623.4023
0.007080078,-0.9858398,-0.1479492,640.1784
0.01574707,-0.9940186,-0.1518555,657.0777
0.01098633,-0.9831542,-0.1379395,673.9437
0.01159668,-0.9749755,-0.1367188,690.7695
0.001953125,-1.001465,-0.1304932,707.7244
-0.001708984,-1.015747,-0.125,724.5276
-0.001708984,-1.015747,-0.125,741.4905
-0.002807617,-1.004639,-0.1237793,758.2574
-0.001953125,-0.9816894,-0.1239014,775.108
-0.001098633,-0.9560547,-0.1217041,791.9669
0.0009765625,-0.954956,-0.1292725,808.8062
0.003540039,-0.9866943,-0.1312256,825.6638
0.003540039,-0.9866943,-0.1312256,842.3702
0.005737305,-1.011353,-0.1307373,859.257
0.001342773,-1.012939,-0.1247559,876.1137
0.001708984,-1.010498,-0.12146,892.9484
-0.0008544922,-0.9919433,-0.1240234,909.8028
-0.006713868,-0.9714355,-0.1171875,926.7474
-0.02319336,-0.9835205,-0.1125488,943.4971
-0.02319336,-0.9835205,-0.1125488,960.3008
-0.03112793,-0.9774171,-0.1218262,977.1653
-0.03100586,-0.9654541,-0.1362305,994.1295
-0.03222656,-1.005493,-0.1328125,1010.98
-0.02770996,-1.080322,-0.1124268,1027.828
-0.01708984,-1.084473,-0.1101074,1044.687
-0.01708984,-1.084473,-0.1101074,1061.503
0.009277344,-0.9799805,-0.1220703,1078.382
0.02185059,-0.9312745,-0.1240234,1095.13
0.008178711,-0.956543,-0.1296387,1112.061
0.005249023,-0.9591064,-0.1368408,1128.899
-0.0009765625,-0.9882813,-0.133667,1145.729
-0.0009765625,-0.9882813,-0.133667,1162.626
-0.008911133,-1.017456,-0.1368408,1179.346
-0.01477051,-1.011719,-0.1347656,1196.269
-0.0255127,-0.9775391,-0.137085,1213.134
-0.03320313,-0.9536133,-0.1320801,1229.985
-0.03479004,-0.9490966,-0.1289063,1246.834
-0.03479004,-0.9490966,-0.1289063,1263.633
-0.02734375,-0.9677734,-0.1251221,1280.524
-0.01550293,-1.013916,-0.1218262,1297.273
-0.001831055,-1.023071,-0.1243896,1314.307
0.01135254,-0.9984131,-0.131958,1331.071
0.0177002,-0.9760742,-0.1395264,1347.85
0.01391602,-0.9715576,-0.1418457,1364.751
0.01391602,-0.9715576,-0.1418457,1381.453
0.01782227,-0.9906006,-0.1397705,1398.345
0.01757813,-1.00061,-0.1378174,1415.211
0.01293945,-0.9957275,-0.1335449,1432.133
0.009643555,-0.9998779,-0.1351318,1448.968
-0.0007324219,-0.9998779,-0.1330566,1465.823
-0.0007324219,-0.9998779,-0.1330566,1482.625
-0.01635742,-1.004883,-0.1265869,1499.518
-0.01538086,-1.003296,-0.1231689,1516.373
-0.01330566,-0.9937744,-0.1246338,1533.254
-0.01403809,-0.9853516,-0.1212158,1550.046
-0.0201416,-0.9810791,-0.1210938,1566.852
-0.02001953,-0.9798585,-0.1165771,1583.779
-0.02001953,-0.9798585,-0.1165771,1600.513
-0.01916504,-0.9781494,-0.1166992,1617.44
-0.01220703,-0.9915771,-0.1256104,1634.344
-0.002929688,-0.9915771,-0.1297607,1651.005
-0.001708984,-0.9827881,-0.1300049,1667.938
0.0001220703,-0.9852296,-0.1311035,1684.793
0.0001220703,-0.9852296,-0.1311035,1701.544
-0.00402832,-0.9901123,-0.1273193,1718.534
-0.01159668,-0.9993896,-0.1241455,1735.383
-0.007080078,-0.9959717,-0.1300049,1752.117
-0.006347656,-0.9893799,-0.1307373,1769.048
-0.003540039,-0.9804688,-0.1275635,1786.015
-0.003540039,-0.9804688,-0.1275635,1802.71
-0.008666992,-0.9855956,-0.1221924,1819.637
-0.01049805,-0.9959717,-0.1184082,1836.445
-0.01306152,-0.9963378,-0.1175537,1853.228
-0.0078125,-0.9954834,-0.126709,1870.007
-0.005249023,-0.9816894,-0.1251221,1886.993
-0.004272461,-0.982666,-0.1287842,1903.846
-0.004272461,-0.982666,-0.1287842,1920.592
-0.006958008,-0.9912109,-0.1333008,1937.484
-0.007080078,-1.003662,-0.1352539,1954.399
-0.002197266,-1.002441,-0.1314697,1971.153
-0.0006103516,-1.007446,-0.1293945,1987.915
0.003662109,-1.011353,-0.1328125,2004.888
0.003662109,-1.011353,-0.1328125,2021.695
-0.008422852,-0.9956055,-0.133667,2038.598
-0.01538086,-0.9674072,-0.12854,2055.382
0.0006103516,-0.9903564,-0.1307373,2072.226
0.02062988,-0.9954834,-0.137207,2088.979
0.01916504,-0.9770508,-0.1318359,2105.949
0.01916504,-0.9770508,-0.1318359,2122.72
0.008422852,-0.993042,-0.1325684,2139.507
-0.00378418,-1.018433,-0.1286621,2156.406
-0.003295898,-1.011719,-0.1306152,2173.226
0.00793457,-0.9794922,-0.1345215,2189.981
0.01818848,-0.9614258,-0.1315918,2206.931
0.01818848,-0.9614258,-0.1315918,2223.751
0.0168457,-0.9788819,-0.1254883,2240.532
0.005493164,-0.9953613,-0.1254883,2257.361
0.003417969,-0.9815674,-0.130249,2274.28
0.008666992,-0.9708252,-0.1308594,2291.049
0.01428223,-0.9774171,-0.135498,2307.983
0.01513672,-0.9853516,-0.1313477,2324.894
0.01513672,-0.9853516,-0.1313477,2341.535
0.00769043,-0.9980469,-0.1308594,2358.447
0.005493164,-0.9923096,-0.1313477,2375.318
0.004150391,-0.9788819,-0.1286621,2392.125
0.004394531,-0.9744872,-0.1309814,2408.934
0.004150391,-0.9769288,-0.1333008,2425.819
0.004150391,-0.9769288,-0.1333008,2442.693
0.002929688,-0.9904785,-0.1328125,2459.54
-0.001464844,-1.002686,-0.1315918,2476.375
-0.003295898,-1.001465,-0.1293945,2493.293
-0.006591796,-0.9973144,-0.1270752,2509.999
-0.00378418,-0.991455,-0.1281738,2526.813
-0.005126953,-0.9941406,-0.1239014,2543.934
-0.005126953,-0.9941406,-0.1239014,2560.468
-0.002929688,-0.9885253,-0.1229248,2577.318
-0.005859375,-0.9923096,-0.1275635,2594.155
-0.006103516,-0.9932861,-0.1251221,2610.976
0,-0.9846191,-0.1265869,2627.818
0.0002441406,-1.007324,-0.1279297,2644.685
0.0002441406,-1.007324,-0.1279297,2661.52
-0.00744629,-1.00293,-0.1317139,2678.502
-0.009033203,-0.9810791,-0.1318359,2695.274
-0.007324218,-0.9831542,-0.1337891,2712.099
-0.0078125,-0.9925537,-0.1328125,2729.195
-0.01074219,-0.9951172,-0.1268311,2745.737
-0.01074219,-0.9951172,-0.1268311,2762.579
-0.006469726,-0.9902344,-0.1308594,2779.571
-0.00390625,-0.9873047,-0.1340332,2796.374
0.001464844,-0.9909667,-0.1385498,2813.197
0.005371094,-0.9959717,-0.1397705,2830.048
0.006958008,-0.9995117,-0.1392822,2846.854
0.001098633,-0.9973144,-0.1422119,2863.76
0.001098633,-0.9973144,-0.1422119,2880.513
-0.004150391,-0.9921875,-0.1412354,2897.497
-0.005493164,-0.9854736,-0.1365967,2914.41
-0.008911133,-0.9838867,-0.1373291,2931.212
-0.008544922,-0.9885253,-0.1359863,2948.026
-0.01184082,-0.9909667,-0.133667,2964.859
-0.01184082,-0.9909667,-0.133667,2981.668
-0.0123291,-0.9888916,-0.1320801,2998.551
-0.01025391,-0.9916992,-0.1265869,3015.355
-0.008300781,-0.9979248,-0.1258545,3032.217
-0.01025391,-0.9915771,-0.1309814,3049.21
-0.005981445,-0.9725341,-0.1348877,3065.963
-0.005981445,-0.9725341,-0.1348877,3082.627
-0.00402832,-0.9765625,-0.1367188,3099.511
-0.003540039,-0.9890136,-0.135376,3116.475
-0.008056641,-0.9920654,-0.1376953,3133.465
-0.009765625,-0.9997558,-0.1350098,3150.132
-0.01391602,-0.9978027,-0.137207,3166.983
-0.01391602,-0.9978027,-0.137207,3183.926
-0.01635742,-0.9835205,-0.1374512,3200.73
-0.01489258,-0.9869385,-0.1391602,3217.545
-0.01525879,-0.9935303,-0.1401367,3234.365
-0.01123047,-1.00708,-0.1405029,3251.206
-0.01403809,-1.005493,-0.1405029,3268.047
-0.01147461,-0.998291,-0.1386719,3284.9
-0.01147461,-0.998291,-0.1386719,3301.611
-0.006225586,-0.989624,-0.1374512,3318.595
-0.006958008,-0.9870605,-0.1369629,3335.438
-0.006347656,-0.989624,-0.1329346,3352.223
-0.006591796,-0.9934081,-0.1329346,3369.125
-0.004638672,-0.9864502,-0.1297607,3385.926
-0.004638672,-0.9864502,-0.1297607,3402.672
0.001586914,-0.9849854,-0.1270752,3419.665
0.003051758,-0.9871826,-0.1309814,3436.456
0.004394531,-0.9912109,-0.1311035,3453.203
0.002441406,-0.9870605,-0.1313477,3470.174
-0.00378418,-0.980957,-0.135498,3487.024
-0.004638672,-0.9787597,-0.135498,3503.969
-0.004638672,-0.9787597,-0.135498,3520.743
-0.006835938,-0.987915,-0.1351318,3537.593
-0.005615234,-0.9971924,-0.1334229,3554.485
-0.006835938,-1.003052,-0.1313477,3571.219
-0.002929688,-0.99646,-0.1314697,3588.05
-0.002197266,-0.984253,-0.1292725,3604.908
-0.002197266,-0.984253,-0.1292725,3621.804
-0.002197266,-0.9815674,-0.1235352,3638.594
-0.0009765625,-0.9927979,-0.1274414,3655.509
0.001342773,-0.9899902,-0.1245117,3672.327
0.001708984,-0.9921875,-0.1273193,3689.179
0.002685547,-0.991455,-0.12854,3705.956
0.002685547,-0.991455,-0.12854,3722.769
0.00793457,-0.9884033,-0.1282959,3739.611
0.003173828,-0.9892578,-0.1251221,3756.56
0.004272461,-0.988037,-0.1188965,3773.342
0.004394531,-0.9904785,-0.1199951,3790.18
0.0004882813,-0.9925537,-0.1201172,3807.086
-0.002441406,-0.9903564,-0.1219482,3823.983
-0.002441406,-0.9903564,-0.1219482,3840.659
0,-0.9821777,-0.1218262,3857.627
0.004760742,-0.9810791,-0.1239014,3874.604
0.002441406,-0.987793,-0.1254883,3891.209
0.0002441406,-0.9919433,-0.1282959,3908.137
0.003540039,-0.9915771,-0.1289063,3924.917
0.003540039,-0.9915771,-0.1289063,3941.692
0.003173828,-0.987915,-0.1322021,3958.865
0.003540039,-0.9924316,-0.1263428,3975.534
0.00390625,-0.9953613,-0.128418,3992.386
0.00378418,-0.9892578,-0.1311035,4009.211
0.001708984,-0.9898682,-0.1282959,4026.025
0.001708984,-0.9898682,-0.1282959,4042.804
0.0003662109,-0.9934081,-0.1329346,4059.813
0.003662109,-0.9958495,-0.1380615,4076.571
0.003173828,-0.9975586,-0.1384277,4093.438
0.0009765625,-0.994751,-0.1363525,4110.309
0.0009765625,-0.9846191,-0.1361084,4127.143
0.0009765625,-0.9846191,-0.1361084,4143.89
0.001342773,-0.9835205,-0.1330566,4160.749
0.001342773,-0.9837647,-0.1326904,4177.688
-0.0001220703,-0.9829102,-0.130249,4194.447
0,-0.9916992,-0.1300049,4211.411
-0.001342773,-0.9937744,-0.1289063,4228.375
-0.0007324219,-0.9931641,-0.1313477,4244.982
-0.0007324219,-0.9931641,-0.1313477,4261.874
0.0002441406,-0.9901123,-0.1313477,4278.762
-0.002197266,-0.9963378,-0.1331787,4295.661
-0.005249023,-0.996582,-0.1333008,4312.456
-0.009643555,-0.9849854,-0.1337891,4329.184
-0.004760742,-1.001587,-0.1313477,4346.022
-0.004760742,-1.001587,-0.1313477,4362.882
-0.008789063,-1.010132,-0.1289063,4379.865
-0.00793457,-0.998291,-0.1253662,4396.632
-0.005371094,-0.9929199,-0.123291,4413.566
-0.005371094,-0.9772949,-0.1240234,4430.58
-0.004394531,-0.9802245,-0.1259766,4447.263
-0.009155273,-0.9863281,-0.1198731,4464.103
-0.009155273,-0.9863281,-0.1198731,4480.924
-0.005493164,-0.9875488,-0.1202393,4497.741
-0.008300781,-0.9885253,-0.1213379,4514.701
-0.009033203,-0.9921875,-0.1248779,4531.485
-0.007324218,-0.9963378,-0.1212158,4548.322
-0.005371094,-1.001831,-0.1218262,4565.194
-0.005371094,-1.001831,-0.1218262,4581.921
-0.01037598,-0.9968261,-0.1191406,4598.864
-0.01501465,-0.9901123,-0.1175537,4615.592
-0.01086426,-0.9863281,-0.1230469,4632.706
-0.009643555,-0.9820557,-0.1230469,4649.416
-0.007080078,-0.9851074,-0.1206055,4666.411
-0.007080078,-0.9851074,-0.1206055,4683.02
-0.007080078,-0.9897461,-0.1210938,4699.959
-0.00402832,-0.9857178,-0.1174316,4716.81
-0.002197266,-0.9857178,-0.1168213,4733.6
-0.004150391,-0.9920654,-0.1241455,4750.499
-0.0004882813,-0.9927979,-0.1242676,4767.337
-0.0008544922,-0.9888916,-0.1248779,4784.218
-0.0008544922,-0.9888916,-0.1248779,4801.025
-0.002563477,-0.991455,-0.1252441,4817.765
-0.008544922,-0.9931641,-0.1276855,4834.696
-0.008300781,-0.9924316,-0.1252441,4851.479
-0.007324218,-0.9919433,-0.1264648,4868.409
-0.008666992,-0.9938964,-0.1270752,4885.249
-0.008666992,-0.9938964,-0.1270752,4901.951
-0.008789063,-0.9973144,-0.1298828,4918.846
-0.006347656,-0.991333,-0.1314697,4935.713
-0.006103516,-0.9892578,-0.1328125,4952.529
-0.001464844,-0.9874268,-0.1335449,4969.374
-0.004638672,-0.9898682,-0.1352539,4986.331
-0.004638672,-0.9898682,-0.1352539,5003.021
-0.002929688,-0.9897461,-0.1340332,5019.921
-0.004638672,-0.9967041,-0.1320801,5036.853
-0.004882813,-0.9956055,-0.1329346,5053.677
-0.00402832,-0.9927979,-0.1281738,5070.553
-0.00390625,-0.9907227,-0.1339111,5087.397
-0.003051758,-0.993042,-0.1398926,5104.149
-0.003051758,-0.993042,-0.1398926,5121.039
-0.006713868,-0.99646,-0.1361084,5137.919
-0.01025391,-0.9993896,-0.1380615,5154.773
-0.01196289,-0.994873,-0.1352539,5171.648
-0.009155273,-0.9874268,-0.1387939,5188.433
-0.009765625,-0.973999,-0.1324463,5205.209
-0.009765625,-0.973999,-0.1324463,5222.098
-0.005493164,-0.96875,-0.1331787,5239.105
-0.001098633,-0.9798585,-0.1296387,5255.987
-0.007324218,-0.9992675,-0.1320801,5272.661
-0.009521484,-1.003662,-0.1318359,5289.437
-0.00390625,-1.00293,-0.1374512,5306.452
-0.0001220703,-1.001221,-0.1346436,5323.342
-0.0001220703,-1.001221,-0.1346436,5339.936
-0.001220703,-0.9960938,-0.1363525,5357.022
0.0004882813,-0.9868164,-0.140625,5373.925
0,-0.9873047,-0.1379395,5390.592
-0.004638672,-0.9868164,-0.1400146,5407.544
-0.003051758,-0.9841308,-0.1405029,5424.246
-0.003051758,-0.9841308,-0.1405029,5440.938
-0.002441406,-0.9929199,-0.1397705,5458.042
-0.003173828,-0.9976807,-0.1383057,5474.676
0.0001220703,-0.9932861,-0.1400146,5491.462
0.00402832,-0.9865722,-0.1365967,5508.39
0.003540039,-0.9813233,-0.1365967,5525.326
0.003540039,-0.9813233,-0.1365967,5542.132
0.004272461,-0.9859619,-0.1368408,5559.043
0.005981445,-0.9979248,-0.1335449,5575.691
0.002075195,-0.9992675,-0.1313477,5592.576
0.002807617,-0.9871826,-0.1309814,5609.457
0.002441406,-0.9802245,-0.1281738,5626.407
0.002441406,-0.9802245,-0.1281738,5643.28
0.002807617,-0.9799805,-0.1279297,5660.134
-0.0001220703,-0.9805908,-0.1231689,5676.875
-0.001220703,-0.9836425,-0.1268311,5693.731
-0.003540039,-0.9805908,-0.12854,5710.561
-0.001464844,-0.9838867,-0.1295166,5727.394
-0.002807617,-0.9921875,-0.1322021,5744.205
-0.002807617,-0.9921875,-0.1322021,5761.034
-0.002441406,-0.9959717,-0.1280518,5777.825
-0.005371094,-0.9919433,-0.1298828,5794.777
-0.004272461,-0.9882813,-0.1312256,5811.592
-0.006347656,-0.9874268,-0.1286621,5828.337
-0.00390625,-0.9881592,-0.1335449,5845.264
-0.00390625,-0.9881592,-0.1335449,5862.218
-0.003417969,-0.9927979,-0.1322021,5878.958
-0.003051758,-1.000488,-0.1303711,5895.804
-0.003417969,-1.000244,-0.130249,5912.65
-0.005737305,-0.9936523,-0.1273193,5929.601
-0.007324218,-0.9860839,-0.1291504,5946.335
-0.007324218,-0.9860839,-0.1291504,5963.116
-0.005859375,-0.9827881,-0.1278076,5979.996
-0.004882813,-0.9833984,-0.1282959,5996.842
-0.006225586,-0.9887695,-0.1303711,6013.596
-0.006591796,-0.9916992,-0.1274414,6030.53
-0.006713868,-0.9907227,-0.1286621,6047.394
-0.001953125,-0.9925537,-0.12854,6064.289
-0.001953125,-0.9925537,-0.12854,6081.031
-0.002929688,-0.9981689,-0.1330566,6097.926
-0.00744629,-0.9940186,-0.1304932,6114.774
-0.005249023,-0.9865722,-0.1350098,6131.68
-0.003662109,-0.9813233,-0.137207,6148.479
-0.005859375,-0.9855956,-0.1343994,6165.339
-0.005859375,-0.9855956,-0.1343994,6182.116
-0.004760742,-0.9907227,-0.1367188,6198.981
-0.004394531,-0.9967041,-0.1397705,6215.736
0,-0.9926758,-0.1385498,6232.69
-0.0008544922,-0.9881592,-0.1424561,6249.448
-0.001831055,-0.9841308,-0.1434326,6266.385
-0.001831055,-0.9841308,-0.1434326,6283.184
-0.001708984,-0.9884033,-0.1422119,6300.075
-0.001831055,-0.9937744,-0.1435547,6316.864
-0.007568359,-0.9949951,-0.1446533,6333.76
-0.005981445,-0.9902344,-0.1456299,6350.603
-0.008178711,-0.9855956,-0.144165,6367.453
-0.01098633,-0.9815674,-0.1403809,6384.29
-0.01098633,-0.9815674,-0.1403809,6401.079
-0.01257324,-0.9891357,-0.1405029,6417.981
-0.01513672,-0.9967041,-0.1413574,6434.82
-0.0177002,-0.9975586,-0.1407471,6451.659
-0.01074219,-0.994873,-0.1407471,6468.5
-0.01220703,-0.9898682,-0.1412354,6485.347
-0.01220703,-0.9898682,-0.1412354,6502.154
-0.01196289,-0.9940186,-0.1392822,6519.049
-0.008666992,-0.9921875,-0.1380615,6535.887
-0.005371094,-0.9875488,-0.1385498,6552.737
-0.00402832,-0.9873047,-0.1363525,6569.51
-0.003051758,-0.9884033,-0.1329346,6586.369
-0.003051758,-0.9884033,-0.1329346,6603.207
0.0002441406,-0.9904785,-0.1345215,6620.098
0.0008544922,-0.9921875,-0.1317139,6636.492
0.0006103516,-0.9897461,-0.1340332,6653.792
0.002807617,-0.9846191,-0.1313477,6670.633
-0.0007324219,-0.9833984,-0.1311035,6687.574
0.0007324219,-0.9897461,-0.1312256,6704.344
0.0007324219,-0.9897461,-0.1312256,6721.167
-0.004272461,-0.9893799,-0.1331787,6738.162
-0.005981445,-0.9882813,-0.1317139,6754.756
-0.006591796,-0.9901123,-0.1271973,6771.666
-0.01330566,-0.9921875,-0.1313477,6788.539
-0.01757813,-0.9935303,-0.1308594,6805.373
-0.01757813,-0.9935303,-0.1308594,6822.173
-0.01416016,-0.9807128,-0.1335449,6839.051
-0.01586914,-0.9743652,-0.1342773,6855.826
-0.01574707,-0.9775391,-0.138916,6872.843
-0.01660156,-0.9998779,-0.1350098,6889.591
-0.01379395,-1.004639,-0.1403809,6906.361
-0.01379395,-1.004639,-0.1403809,6923.228
-0.008789063,-0.994873,-0.1391602,6940.04
-0.009277344,-0.9886475,-0.1376953,6956.879
-0.00793457,-0.9978027,-0.142334,6973.878
-0.01086426,-1.005127,-0.1451416,6990.601
-0.01379395,-0.9892578,-0.1413574,7007.496
-0.01611328,-0.9799805,-0.1408691,7024.403
-0.01611328,-0.9799805,-0.1408691,7041.055
-0.01391602,-0.9895019,-0.1411133,7057.949
-0.01733398,-1.000854,-0.1363525,7074.883
-0.01806641,-0.9974365,-0.1340332,7091.611
-0.01794434,-0.9803467,-0.1264648,7108.542
-0.01635742,-0.9716797,-0.126709,7125.375
-0.01635742,-0.9716797,-0.126709,7142.109
-0.01489258,-0.9772949,-0.1282959,7159.095
-0.01452637,-0.9863281,-0.12854,7175.904
-0.01159668,-0.9820557,-0.1263428,7192.673
-0.009277344,-0.980835,-0.12854,7209.523
-0.004272461,-0.9875488,-0.1296387,7226.473
-0.004272461,-0.9875488,-0.1296387,7243.14
-0.004638672,-0.9958495,-0.1313477,7260.064
-0.005493164,-0.9921875,-0.1346436,7276.909
-0.002563477,-0.9887695,-0.1358643,7293.752
-0.001953125,-0.9932861,-0.1348877,7310.595
-0.002929688,-0.9957275,-0.1378174,7327.525
-0.00402832,-1.000122,-0.1320801,7344.243
-0.00402832,-1.000122,-0.1320801,7361.086
-0.002929688,-0.9910889,-0.1347656,7377.944
-0.001464844,-0.9866943,-0.130127,7394.767
-0.003540039,-0.987793,-0.1291504,7411.625
-0.003295898,-0.9865722,-0.1260986,7428.557
-0.00378418,-0.9951172,-0.1293945,7445.362
-0.00378418,-0.9951172,-0.1293945,7462.157
-0.01074219,-0.9973144,-0.1318359,7479.102
-0.01245117,-1.001953,-0.1328125,7495.954
-0.01025391,-1.000732,-0.1312256,7512.778
-0.005371094,-0.9907227,-0.1348877,7529.802
-0.002807617,-0.9771729,-0.1339111,7546.37
-0.002807617,-0.9771729,-0.1339111,7563.222
0.001708984,-0.9729004,-0.1378174,7580.083
0.001708984,-0.9746094,-0.1362305,7597.025
0.002929688,-0.9759522,-0.1331787,7613.917
-0.002807617,-0.9810791,-0.1304932,7630.867
-0.00744629,-0.994873,-0.1339111,7647.56
-0.0135498,-1.002686,-0.1367188,7664.429
-0.0135498,-1.002686,-0.1367188,7681.2
-0.01977539,-1.002197,-0.137085,7698.095
-0.01757813,-0.9958495,-0.1385498,7714.835
-0.01757813,-0.9919433,-0.1398926,7731.767
-0.01586914,-0.9885253,-0.1390381,7748.626
-0.01977539,-0.989624,-0.1347656,7765.508
-0.01977539,-0.989624,-0.1347656,7782.251
-0.02001953,-0.9866943,-0.1391602,7799.308
-0.01916504,-0.9870605,-0.1347656,7815.903
-0.01879883,-0.9807128,-0.140625,7832.841
-0.01989746,-0.9873047,-0.145874,7849.665
-0.01965332,-0.9903564,-0.1418457,7866.518
-0.01965332,-0.9903564,-0.1418457,7883.345
-0.01818848,-0.9980469,-0.144165,7900.235
-0.01843262,-1.005493,-0.1461182,7917.077
-0.01806641,-1.007202,-0.1459961,7933.94
-0.01916504,-1.005737,-0.1467285,7950.734
-0.02160645,-1.002075,-0.1472168,7967.491
-0.02185059,-0.9934081,-0.1416016,7984.5
-0.02185059,-0.9934081,-0.1416016,8001.228
-0.02050781,-0.9838867,-0.1348877,8018.033
-0.01916504,-0.9805908,-0.1300049,8034.972
-0.01965332,-0.9801025,-0.1269531,8051.786
-0.01416016,-0.9760742,-0.1317139,8068.629
-0.01635742,-0.9750977,-0.1282959,8085.516
-0.01635742,-0.9750977,-0.1282959,8102.298
-0.01635742,-0.9769288,-0.1279297,8119.373
-0.0144043,-0.9893799,-0.1325684,8136.029
-0.01403809,-0.9957275,-0.1342773,8152.837
-0.01550293,-0.9895019,-0.1311035,8169.759
-0.0123291,-0.9802245,-0.138916,8186.565
-0.00793457,-0.9794922,-0.1384277,8203.399
-0.00793457,-0.9794922,-0.1384277,8220.267
-0.009765625,-0.984375,-0.1425781,8237.093
-0.0078125,-0.9980469,-0.1411133,8253.931
-0.007202148,-1.003174,-0.1416016,8270.784
-0.005859375,-0.9973144,-0.1428223,8287.584
-0.008666992,-0.9960938,-0.1435547,8304.443
-0.008666992,-0.9960938,-0.1435547,8321.338
-0.008544922,-0.9903564,-0.1433105,8338.185
-0.0078125,-0.9873047,-0.1391602,8355.034
-0.01318359,-0.9927979,-0.1380615,8371.976
-0.01733398,-0.994751,-0.1373291,8388.718
-0.0177002,-0.9862061,-0.1385498,8405.597
-0.0177002,-0.9862061,-0.1385498,8422.411
-0.01879883,-0.984253,-0.135376,8439.277
-0.01513672,-0.984375,-0.1386719,8456.049
-0.0135498,-0.9857178,-0.1348877,8473.151
-0.01123047,-0.9859619,-0.1373291,8489.808
-0.008544922,-0.987793,-0.1392822,8506.635
-0.008544922,-0.987793,-0.1392822,8523.673
-0.007324218,-0.9945068,-0.1411133,8540.354
-0.01013184,-0.9887695,-0.1447754,8557.208
-0.0135498,-0.9875488,-0.1434326,8574.084
-0.01281738,-0.9951172,-0.1453857,8590.903
-0.01123047,-0.9912109,-0.1473389,8607.714
-0.01025391,-0.9916992,-0.1448975,8624.657
-0.01025391,-0.9916992,-0.1448975,8641.339
-0.009643555,-0.9897461,-0.1456299,8658.302
-0.008422852,-0.9832764,-0.1444092,8675.172
-0.009765625,-0.9825439,-0.1470947,8691.854
-0.0135498,-0.9805908,-0.144043,8708.834
-0.01464844,-0.991333,-0.1473389,8725.722
-0.01464844,-0.991333,-0.1473389,8742.411
-0.01708984,-0.9967041,-0.1480713,8759.396
-0.01928711,-0.9925537,-0.1483154,8776.258
-0.01989746,-0.989624,-0.145752,8793.047
-0.01818848,-0.9875488,-0.1437988,8809.945
-0.01879883,-0.9915771,-0.137207,8826.808
-0.02050781,-0.994873,-0.1364746,8843.503
-0.02050781,-0.994873,-0.1364746,8860.437
-0.02270508,-0.9918213,-0.1397705,8877.338
-0.02075195,-0.9864502,-0.1407471,8894.028
-0.01782227,-0.9844971,-0.1401367,8911
-0.01611328,-0.9891357,-0.1402588,8927.993
-0.015625,-0.9918213,-0.1373291,8944.747
-0.015625,-0.9918213,-0.1373291,8961.549
-0.01513672,-0.9952393,-0.1364746,8978.4
-0.01428223,-0.9895019,-0.1362305,8995.272
-0.00793457,-0.9832764,-0.1409912,9012.173
-0.008911133,-0.9781494,-0.1383057,9028.95
-0.009155273,-0.9869385,-0.131958,9045.752
-0.009155273,-0.9869385,-0.131958,9062.593
-0.01965332,-0.9907227,-0.1279297,9079.486
-0.02575683,-0.994751,-0.1262207,9096.364
-0.02575683,-0.9981689,-0.1347656,9113.172
-0.0189209,-0.9830322,-0.1328125,9130.014
-0.01293945,-0.9870605,-0.1361084,9146.865
-0.01379395,-0.982666,-0.1333008,9163.66
-0.01379395,-0.982666,-0.1333008,9180.506
-0.01477051,-0.9794922,-0.1289063,9197.411
-0.01928711,-0.9870605,-0.1259766,9214.277
-0.02062988,-0.9915771,-0.1282959,9231.094
-0.01806641,-0.9953613,-0.128418,9247.887
-0.01574707,-0.9952393,-0.1326904,9264.739
-0.01574707,-0.9952393,-0.1326904,9281.637
-0.01367188,-0.9832764,-0.1280518,9298.485
-0.01245117,-0.9865722,-0.1345215,9315.316
-0.01831055,-1.002441,-0.1341553,9332.175
-0.02429199,-1.005737,-0.1380615,9348.997
-0.02380371,-1.000366,-0.1350098,9365.851
-0.02380371,-1.000366,-0.1350098,9382.649
-0.02355957,-0.9971924,-0.1367188,9399.437
-0.02429199,-0.9899902,-0.135498,9416.402
-0.0201416,-0.9777831,-0.135376,9433.223
-0.01721191,-0.9788819,-0.1322021,9449.979
-0.01538086,-0.980835,-0.1307373,9466.822
-0.01538086,-0.980835,-0.1307373,9483.722
-0.01245117,-0.9860839,-0.1297607,9500.507
-0.01171875,-0.9910889,-0.1346436,9517.442
-0.01586914,-0.9940186,-0.1333008,9534.434
-0.01696777,-0.9847413,-0.1335449,9551.019
-0.01745605,-0.9775391,-0.1324463,9567.962
-0.01794434,-0.9853516,-0.1340332,9584.876
-0.01794434,-0.9853516,-0.1340332,9601.612
-0.01916504,-0.9916992,-0.1312256,9618.522
-0.01782227,-0.9991454,-0.1314697,9635.386
-0.01916504,-0.9869385,-0.1340332,9652.207
-0.01379395,-0.9833984,-0.137085,9669.046
-0.01293945,-0.9798585,-0.133667,9685.892
-0.01293945,-0.9798585,-0.133667,9702.665
-0.01342774,-0.9846191,-0.1298828,9719.605
-0.01379395,-0.993042,-0.1303711,9736.438
-0.01733398,-1.002319,-0.1348877,9753.294
-0.01220703,-1.003052,-0.1363525,9770.126
-0.01306152,-0.9940186,-0.1394043,9787.014
-0.01928711,-0.9890136,-0.1361084,9803.705
-0.01928711,-0.9890136,-0.1361084,9820.548
-0.02111816,-0.9899902,-0.1361084,9837.462
-0.02429199,-0.9941406,-0.1331787,9854.301
-0.02087402,-0.9942627,-0.1390381,9871.121
-0.02160645,-0.9909667,-0.1395264,9887.905
-0.02331543,-0.9969482,-0.1329346,9904.931
-0.02331543,-0.9969482,-0.1329346,9921.726
-0.02380371,-0.9910889,-0.1361084,9938.533
-0.0258789,-0.9901123,-0.1324463,9955.393
-0.02539063,-0.984375,-0.1333008,9972.331
-0.02563477,-0.9801025,-0.1348877,9989.134
-0.02441406,-0.9846191,-0.1326904,10005.9
-0.02441406,-0.9846191,-0.1326904,10022.79
-0.02160645,-0.9868164,-0.1350098,10039.64
-0.02319336,-0.9859619,-0.1345215,10056.5
-0.02612305,-0.9855956,-0.1357422,10073.33
-0.0255127,-0.9860839,-0.1331787,10090.17
-0.02746582,-0.9890136,-0.1362305,10106.98
-0.0258789,-0.9836425,-0.1318359,10123.96
-0.0258789,-0.9836425,-0.1318359,10140.71
-0.02001953,-0.9916992,-0.1337891,10157.6
-0.02270508,-0.9953613,-0.1329346,10174.45
-0.02453613,-0.9957275,-0.1373291,10191.28
-0.01416016,-0.9864502,-0.1351318,10208.15
-0.01708984,-0.9860839,-0.1405029,10224.95
-0.01708984,-0.9860839,-0.1405029,10241.79
-0.01550293,-0.9898682,-0.1396484,10258.69
-0.01452637,-0.9937744,-0.1376953,10275.7
-0.01171875,-0.9956055,-0.1394043,10292.39
-0.002197266,-0.9892578,-0.1405029,10309.23
0.004150391,-0.9926758,-0.1469727,10326.36
0.004150391,-0.9926758,-0.1469727,10343.08
0.005004883,-0.9976807,-0.1461182,10359.78
0.002685547,-0.9942627,-0.1422119,10376.73
-0.003051758,-0.9907227,-0.1343994,10393.49
-0.01342774,-0.9807128,-0.1303711,10410.44
-0.01611328,-0.9819336,-0.1365967,10427.19
-0.01672363,-0.9849854,-0.1322021,10444.22
-0.01672363,-0.9849854,-0.1322021,10460.87
-0.01782227,-0.984253,-0.1300049,10477.89
-0.015625,-0.9907227,-0.1306152,10494.64
-0.01611328,-0.988037,-0.130127,10511.42
-0.01379395,-0.9849854,-0.135376,10528.36
-0.01550293,-0.9897461,-0.1392822,10545.13
-0.01550293,-0.9897461,-0.1392822,10562.01
-0.01599121,-0.9909667,-0.1361084,10578.93
-0.01708984,-0.9902344,-0.1390381,10595.71
-0.01367188,-0.9943847,-0.1401367,10612.6
-0.01513672,-0.9960938,-0.1380615,10629.45
-0.0123291,-0.9945068,-0.1378174,10646.31
-0.0123291,-0.9945068,-0.1378174,10663.16
-0.01171875,-0.9899902,-0.1373291,10679.99
-0.01245117,-0.9869385,-0.1385498,10696.85
-0.01037598,-0.991455,-0.1417236,10713.74
-0.01330566,-0.9882813,-0.1392822,10730.69
-0.01208496,-0.9875488,-0.1394043,10747.42
-0.01513672,-0.9851074,-0.1380615,10764.29
-0.01513672,-0.9851074,-0.1380615,10781.04
-0.01428223,-0.9919433,-0.1373291,10797.98
-0.01489258,-0.9851074,-0.1342773,10814.77
-0.01879883,-0.9943847,-0.1356201,10831.65
-0.02575683,-0.9958495,-0.1367188,10848.64
-0.02722168,-0.9910889,-0.1374512,10865.31
-0.02722168,-0.9910889,-0.1374512,10882.05
-0.02392578,-0.9885253,-0.1387939,10898.95
-0.02575683,-0.987793,-0.1417236,10915.89
-0.0222168,-0.9864502,-0.1413574,10932.64
-0.02099609,-0.9884033,-0.1416016,10949.48
-0.01550293,-0.9903564,-0.1402588,10966.34
-0.01550293,-0.9903564,-0.1402588,10983.15
-0.0177002,-0.9925537,-0.1431885,11000.03
-0.0177002,-0.9931641,-0.1422119,11016.84
-0.01843262,-0.9909667,-0.1392822,11033.77
-0.01647949,-0.9935303,-0.1387939,11050.58
-0.02246094,-0.9893799,-0.135498,11067.38
-0.01928711,-0.9841308,-0.135498,11084.39
-0.01928711,-0.9841308,-0.135498,11101.11
-0.02038574,-0.9781494,-0.1391602,11118
-0.02087402,-0.9788819,-0.1395264,11134.86
-0.01904297,-0.9853516,-0.1396484,11151.75
-0.01757813,-0.9916992,-0.1414795,11168.59
-0.0144043,-0.9929199,-0.1453857,11185.44
-0.0144043,-0.9929199,-0.1453857,11202.33
-0.0123291,-0.9957275,-0.1505127,11219.09
-0.01257324,-0.9929199,-0.1512451,11235.94
-0.007568359,-0.9931641,-0.1523438,11252.95
-0.007568359,-0.9888916,-0.1489258,11269.72
-0.006713868,-0.9888916,-0.1481934,11286.52
-0.008056641,-0.9895019,-0.1451416,11303.47
-0.008056641,-0.9895019,-0.1451416,11320.17
-0.008300781,-0.9884033,-0.1463623,11337.09
-0.01220703,-0.9855956,-0.1490479,11354.08
-0.01269531,-0.9822999,-0.1470947,11370.75
-0.0111084,-0.9876709,-0.1452637,11387.59
-0.00769043,-0.9884033,-0.1447754,11404.59
-0.00769043,-0.9884033,-0.1447754,11421.26
-0.007080078,-0.9890136,-0.1446533,11438.14
-0.003173828,-0.9862061,-0.1490479,11455.1
0.0008544922,-0.9857178,-0.1464844,11471.83
0.0004882813,-0.9915771,-0.151001,11488.68
0.001342773,-0.9932861,-0.1496582,11505.65
0.001342773,-0.9932861,-0.1496582,11522.35
0.0006103516,-0.9958495,-0.1489258,11539.36
-0.00390625,-0.994751,-0.1452637,11556.23
-0.004516602,-0.991455,-0.1494141,11572.93
0.001220703,-0.9863281,-0.149292,11589.77
0.002807617,-0.9887695,-0.1503906,11604.7
0.002807617,-0.9887695,-0.1503906,11623.32
0.001586914,-0.9931641,-0.1496582,11640.39
-0.001220703,-1.000977,-0.1468506,11657.1
-0.002319336,-0.9945068,-0.1411133,11674
-0.003662109,-0.9854736,-0.1427002,11690.9
-0.004638672,-0.9801025,-0.1396484,11707.87
-0.0078125,-0.9836425,-0.1365967,11724.55
-0.0078125,-0.9836425,-0.1365967,11741.3
-0.008911133,-0.9873047,-0.1351318,11758.3
-0.01586914,-0.9940186,-0.1326904,11775.02
-0.01098633,-0.9873047,-0.1312256,11791.97
-0.009643555,-0.9818116,-0.1330566,11808.75
-0.01269531,-0.9804688,-0.1259766,11825.58
-0.01269531,-0.9804688,-0.1259766,11842.53
-0.01599121,-0.9827881,-0.1281738,11859.29
-0.01672363,-0.9831542,-0.1296387,11876.11
-0.0213623,-0.9855956,-0.1280518,11893
-0.02160645,-0.9949951,-0.131958,11909.86
-0.02392578,-0.9929199,-0.1335449,11926.67
-0.02392578,-0.9929199,-0.1335449,11943.47
-0.01855469,-0.9942627,-0.1311035,11960.4
-0.01623535,-0.9908447,-0.130249,11977.23
-0.01611328,-0.9841308,-0.131958,11994.1
-0.01489258,-0.9838867,-0.1326904,12010.94
-0.0189209,-0.9904785,-0.1335449,12027.75
-0.02185059,-0.9984131,-0.1337891,12044.59
-0.02185059,-0.9984131,-0.1337891,12061.42
-0.02453613,-1.001099,-0.1384277,12078.34
-0.02209473,-0.9912109,-0.1379395,12095.14
-0.02258301,-0.9804688,-0.1395264,12112.1
-0.02416992,-0.9797363,-0.1364746,12128.86
-0.0258789,-0.9802245,-0.1391602,12145.8
-0.0258789,-0.9802245,-0.1391602,12162.61
-0.02880859,-0.9874268,-0.1394043,12179.46
-0.02661133,-0.991333,-0.138916,12196.32
-0.02001953,-0.9875488,-0.1386719,12213.16
-0.01306152,-0.9887695,-0.131958,12230
-0.0222168,-0.9932861,-0.1356201,12246.86
-0.0213623,-0.9902344,-0.1453857,12263.78
-0.0213623,-0.9902344,-0.1453857,12280.54
-0.01647949,-0.9841308,-0.151123,12297.45
-0.01940918,-0.9859619,-0.1553955,12314.31
-0.02294922,-0.993042,-0.1588135,12331.13
-0.0213623,-0.9968261,-0.1535645,12347.99
-0.01843262,-0.9980469,-0.1555176,12364.84
-0.01843262,-0.9980469,-0.1555176,12381.63
-0.01318359,-0.9975586,-0.1568604,12398.53
-0.006347656,-0.9885253,-0.1542969,12415.39
-0.00378418,-0.9853516,-0.1517334,12432.21
-0.004638672,-0.9814453,-0.1490479,12449.06
-0.008056641,-0.9902344,-0.1469727,12465.96
-0.008056641,-0.9902344,-0.1469727,12482.71
-0.009887695,-0.9851074,-0.149292,12499.62
-0.01208496,-0.9887695,-0.1502686,12516.47
-0.01904297,-0.9921875,-0.1473389,12533.35
-0.0222168,-0.9910889,-0.1437988,12550.05
-0.02526855,-0.9890136,-0.1413574,12567
-0.02746582,-0.9891357,-0.1434326,12583.88
-0.02746582,-0.9891357,-0.1434326,12600.64
-0.02783203,-0.9860839,-0.1401367,12617.5
-0.03198242,-0.9807128,-0.1397705,12634.43
-0.0333252,-0.9779053,-0.1380615,12651.13
-0.03381348,-0.9840088,-0.1375732,12668.23
-0.03173828,-0.9860839,-0.1385498,12684.91
-0.03173828,-0.9860839,-0.1385498,12701.61
-0.03198242,-0.9885253,-0.1411133,12718.61
-0.03173828,-0.9875488,-0.1419678,12735.39
-0.03222656,-0.9873047,-0.1383057,12752.26
-0.02966308,-0.9847413,-0.1385498,12769.12
-0.0291748,-0.9888916,-0.1380615,12785.94
-0.0291748,-0.9888916,-0.1380615,12802.92
-0.0267334,-0.9862061,-0.137085,12819.57
-0.02661133,-0.9835205,-0.1346436,12836.47
-0.02746582,-0.982666,-0.1340332,12853.21
-0.02636719,-0.9927979,-0.1383057,12870.36
-0.02453613,-0.9938964,-0.1365967,12886.93
-0.02453613,-0.9938964,-0.1365967,12903.75
-0.02380371,-0.9967041,-0.1397705,12920.7
-0.0234375,-0.9946289,-0.1395264,12937.59
-0.02209473,-0.9836425,-0.1473389,12954.41
-0.01696777,-0.9689941,-0.1499023,12971.16
-0.01904297,-0.9801025,-0.1459961,12988.07
-0.01904297,-0.9919433,-0.1489258,13004.85
-0.01904297,-0.9919433,-0.1489258,13021.68
-0.01586914,-0.9996337,-0.1523438,13038.53
-0.01428223,-0.9958495,-0.1569824,13055.38
-0.009765625,-0.9869385,-0.1496582,13072.3
-0.01049805,-0.9830322,-0.1564941,13089.1
-0.008911133,-0.9813233,-0.154541,13106.1
-0.008911133,-0.9813233,-0.154541,13122.79
-0.01013184,-0.9891357,-0.1513672,13139.65
-0.01513672,-0.994751,-0.1538086,13156.72
-0.0144043,-0.9956055,-0.1541748,13173.32
-0.01464844,-0.991455,-0.1544189,13190.2
-0.01220703,-0.9899902,-0.1583252,13207.11
-0.0144043,-0.9875488,-0.1533203,13224
-0.0144043,-0.9875488,-0.1533203,13240.71
-0.01013184,-0.9838867,-0.1522217,13257.66
-0.009765625,-0.9814453,-0.1523438,13274.52
-0.01000977,-0.9851074,-0.1561279,13291.39
-0.009887695,-0.9912109,-0.1540527,13308.23
-0.0123291,-0.9871826,-0.1557617,13325.13
-0.0123291,-0.9871826,-0.1557617,13341.91
-0.01037598,-0.989624,-0.1520996,13358.79
-0.008056641,-0.9980469,-0.1535645,13375.64
-0.01062012,-0.9940186,-0.1560059,13392.46
-0.01098633,-0.9882813,-0.1531982,13409.3
-0.01135254,-0.9887695,-0.1520996,13426.15
-0.01135254,-0.9887695,-0.1520996,13442.94
-0.01123047,-0.9923096,-0.1503906,13459.85
-0.01269531,-0.9937744,-0.1535645,13476.69
-0.02001953,-0.9771729,-0.1535645,13493.47
-0.02941894,-0.9716797,-0.1535645,13510.37
-0.02758789,-0.9729004,-0.1531982,13527.23
-0.02111816,-0.9846191,-0.1578369,13543.94
-0.02111816,-0.9846191,-0.1578369,13560.88
-0.01660156,-0.980957,-0.1568604,13577.77
-0.01184082,-0.9893799,-0.1519775,13594.49
-0.003662109,-0.9998779,-0.1442871,13611.44
-0.002319336,-1.009399,-0.1447754,13628.32
-0.004760742,-1,-0.1459961,13645.12
-0.004760742,-1,-0.1459961,13661.86
-0.002807617,-1.006104,-0.1497803,13679
-0.00378418,-1.010498,-0.1468506,13695.59
-0.015625,-0.9776611,-0.1384277,13712.47
-0.03527832,-0.9663086,-0.137085,13729.48
-0.05126953,-0.9633789,-0.1275635,13746.21
-0.05126953,-0.9633789,-0.1275635,13762.91
-0.04785156,-0.9702148,-0.1292725,13779.89
-0.03918457,-0.9825439,-0.1322021,13796.65
-0.02746582,-0.9841308,-0.135376,13813.58
-0.0144043,-0.9815674,-0.1437988,13830.37
-0.00769043,-0.9841308,-0.1448975,13847.28
-0.00769043,-0.9841308,-0.1448975,13864.09
-0.009521484,-0.9752197,-0.1468506,13881.15
-0.006347656,-0.9577637,-0.1523438,13897.73
-0.003540039,-0.980835,-0.1530762,13914.68
-0.001098633,-1.019653,-0.1477051,13931.53
0.005737305,-1.025879,-0.1522217,13948.28
0.003540039,-0.9997558,-0.1531982,13965.24
0.003540039,-0.9997558,-0.1531982,13981.93
-0.002197266,-0.9855956,-0.1445313,13998.82
0.00378418,-0.9857178,-0.1398926,14015.63
-0.0009765625,-0.9775391,-0.1379395,14032.44
-0.007324218,-0.970581,-0.1356201,14049.34
-0.01525879,-0.9697266,-0.1422119,14066.19
-0.01525879,-0.9697266,-0.1422119,14082.99
-0.01953125,-0.9959717,-0.1391602,14099.86
-0.01367188,-1.010498,-0.1447754,14116.71