0.0709745,-0.01560976,-0.004838835,16.91846
0.07110746,-0.01551884,-0.00493388,33.63858
0.07131399,-0.01580741,-0.005030439,50.40363
0.07147596,-0.01584563,-0.004655602,67.29938
0.0717008,-0.01576375,-0.00407445,84.39467
0.07172225,-0.01560523,-0.00381308,101.0255
0.07168615,-0.01516041,-0.00329283,117.9582
0.07162047,-0.01489271,-0.002974616,134.7217
0.07164989,-0.01464421,-0.002820003,151.4739
0.07172997,-0.0145112,-0.002640131,168.4111
0.07174923,-0.01439014,-0.002385385,185.2335
0.07174776,-0.01438068,-0.00233786,202.0058
0.07166995,-0.01436982,-0.002316767,218.8698
0.07165388,-0.01435054,-0.002337852,235.7035
0.07164073,-0.01431544,-0.002352952,252.7383
0.0716813,-0.01426526,-0.002384534,269.5749
0.07176315,-0.01423266,-0.002355975,286.4321
0.0718024,-0.01421587,-0.002354437,303.1222
0.07188337,-0.01418529,-0.002379238,320.1393
0.07198881,-0.01411092,-0.002491883,336.8798
0.07208219,-0.01401035,-0.002685511,353.7802
0.07218845,-0.01386236,-0.002906548,370.5967
0.07242896,-0.01366787,-0.003106938,387.4362
0.07272246,-0.01344325,-0.003377665,404.2709
0.07305221,-0.01305808,-0.003750709,421.0904
0.07327437,-0.01257503,-0.004107208,437.9786
0.07355913,-0.01207202,-0.004550407,454.8326
0.07364503,-0.0117161,-0.004793427,471.7827
0.07368328,-0.01126241,-0.005082082,488.5497
0.07366076,-0.01104054,-0.005137004,505.2935
0.07372633,-0.01067444,-0.005363758,522.3166
0.07377181,-0.01037911,-0.005611213,539.0981
0.07390262,-0.01016097,-0.005851481,555.9572
0.07395725,-0.009876694,-0.006135632,572.8636
0.07410929,-0.009657831,-0.00643243,589.6705
0.07422207,-0.009320709,-0.006757584,606.4655
0.074293,-0.009060693,-0.007011352,623.4023
0.07421444,-0.008790704,-0.007329701,640.1784
0.0741043,-0.008593137,-0.007724288,657.0777
0.07385601,-0.00856221,-0.00843288,673.9437
0.07389275,-0.008595146,-0.009011172,690.7695
0.07403848,-0.008788937,-0.009563315,707.7244
0.07417162,-0.008827903,-0.01001564,724.5276
0.07402589,-0.008791655,-0.01067244,741.4905
0.0738029,-0.008660358,-0.01101087,758.2574
0.07346207,-0.008437485,-0.01109791,775.108
0.073216,-0.008275301,-0.01091016,791.9669
0.07304323,-0.007998728,-0.01038319,808.8062
0.07316837,-0.007727594,-0.009363532,825.6638
0.0733264,-0.007675732,-0.008891236,842.3702
0.07331311,-0.007727853,-0.00866825,859.257
0.07331041,-0.007945467,-0.008464525,876.1137
0.07328354,-0.008150261,-0.008518334,892.9484
0.07316066,-0.008716071,-0.008814894,909.8028
0.07307696,-0.009278537,-0.009000098,926.7474
0.07310861,-0.01005439,-0.008852262,943.4971
0.07326699,-0.01049452,-0.008670748,960.3008
0.07333514,-0.01088814,-0.008207766,977.1653
0.07360946,-0.0110776,-0.007588528,994.1295
0.07427837,-0.0111352,-0.006973185,1010.98
0.07456455,-0.01082701,-0.007277048,1027.828
0.07445987,-0.01011643,-0.008392862,1044.687
0.07245395,-0.008482644,-0.01037658,1061.503
0.06960252,-0.007489465,-0.01074259,1078.382
0.06939165,-0.007599829,-0.009657472,1095.13
0.07015447,-0.007959399,-0.009079542,1112.061
0.0700057,-0.008010865,-0.008827988,1128.899
0.06999889,-0.008011958,-0.008760996,1145.729
0.06993962,-0.008085809,-0.008591764,1162.626
0.06955971,-0.008242409,-0.008500094,1179.346
0.06877967,-0.008395876,-0.008439466,1196.269
0.06750309,-0.008592811,-0.008224308,1213.134
0.06693687,-0.008516035,-0.007944818,1229.985
0.06685687,-0.008196262,-0.007849907,1246.834
0.06688156,-0.007773737,-0.007865613,1263.633
0.06733251,-0.006742603,-0.008054741,1280.524
0.06776278,-0.005351718,-0.008716557,1297.273
0.06787974,-0.004142935,-0.009311465,1314.307
0.06775274,-0.002831375,-0.009785511,1331.071
0.06789491,-0.001971945,-0.009833322,1347.85
0.06822354,-0.001529952,-0.00966985,1364.751
0.06857953,-0.0007743415,-0.009630062,1381.453
0.06894884,-0.0003240898,-0.00950493,1398.345
0.06895171,-6.330681E-05,-0.009266791,1415.211
0.06901436,7.060657E-05,-0.009098738,1432.133
0.06901219,7.982206E-05,-0.008746497,1448.968
0.06892926,-0.0001971533,-0.008273366,1465.823
0.06876782,-0.0007200401,-0.0078758,1482.625
0.06881257,-0.001070149,-0.007988473,1499.518
0.06863721,-0.001543205,-0.008431137,1516.373
0.06849314,-0.001848407,-0.008734804,1533.254
0.06821916,-0.002165372,-0.009170759,1550.046
0.06810578,-0.002322367,-0.009164869,1566.852
0.06810549,-0.002469363,-0.009215063,1583.779
0.06813493,-0.002488594,-0.009250269,1600.513
0.06822076,-0.002362543,-0.009235305,1617.44
0.06826615,-0.002057505,-0.009167867,1634.344
0.06826515,-0.001716487,-0.009002043,1651.005
0.06815322,-0.00137293,-0.008704062,1667.938
0.06812737,-0.001123752,-0.008381194,1684.793
0.06812289,-0.0009727977,-0.008037663,1701.544
0.06812829,-0.0009760091,-0.007848741,1718.534
0.06814571,-0.0009632742,-0.007783304,1735.383
0.06820961,-0.0009432397,-0.00780334,1752.117
0.06829324,-0.0009299257,-0.00792668,1769.048
0.06841899,-0.001007294,-0.008019588,1786.015
0.06862087,-0.001186862,-0.007991703,1802.71
0.06895033,-0.001330339,-0.007990394,1819.637
0.06925581,-0.001498644,-0.008002303,1836.445
0.06950644,-0.001538603,-0.00809286,1853.228
0.06970346,-0.001517208,-0.008228512,1870.007
0.06982388,-0.001425933,-0.008311615,1886.993
0.0700665,-0.001244219,-0.008378621,1903.846
0.07036807,-0.001114195,-0.008320706,1920.592
0.07064778,-0.0008719851,-0.00832065,1937.484
0.0708119,-0.0007056218,-0.008361574,1954.399
0.07091973,-0.0004913614,-0.008432909,1971.153
0.07098248,-0.0002547863,-0.008620032,1987.915
0.07097182,1.146741E-05,-0.00885458,2004.888
0.07069625,0.0001066349,-0.009098526,2021.695
0.07032385,0.0003003552,-0.009486155,2038.598
0.0700948,0.0006919205,-0.01022558,2055.382
0.07044055,0.001223179,-0.01122047,2072.226
0.07067131,0.001567356,-0.01277664,2088.979
0.07075179,0.001423041,-0.01339005,2105.949
0.07101115,0.001126041,-0.01417462,2122.72
0.07117284,0.0009022651,-0.0143569,2139.507
0.07106607,0.0008327988,-0.01468058,2156.406
0.07071421,0.0009936886,-0.01509173,2173.226
0.07022745,0.001273882,-0.01565533,2189.981
0.06990656,0.001526192,-0.01585424,2206.931
0.06990428,0.001588593,-0.01576197,2223.751
0.06980357,0.001695914,-0.01538663,2240.532
0.0696171,0.001810408,-0.01504448,2257.361
0.06951538,0.001963228,-0.01485483,2274.28
0.06941774,0.00225914,-0.01465699,2291.049
0.06954334,0.002515309,-0.01447336,2307.983
0.06975402,0.002710239,-0.01401845,2324.894
0.06997069,0.002783122,-0.01359181,2341.535
0.07010601,0.002826051,-0.01332804,2358.447
0.07015811,0.002849412,-0.01309254,2375.318
0.07025059,0.002878454,-0.01281505,2392.125
0.07042647,0.002881481,-0.01243104,2408.934
0.07073206,0.002921191,-0.01199243,2425.819
0.07119884,0.002850368,-0.01148449,2442.693
0.07161056,0.002843631,-0.01097793,2459.54
0.07189909,0.002758781,-0.01057445,2476.375
0.0720595,0.002737672,-0.01027207,2493.293
0.07217705,0.002752219,-0.01006375,2509.999
0.07232464,0.002743121,-0.009804761,2526.813
0.07246789,0.002733398,-0.009649453,2543.934
0.07252707,0.002761469,-0.00953643,2560.468
0.07265263,0.002808317,-0.009445282,2577.318
0.07285043,0.002802443,-0.009374138,2594.155
0.07300531,0.002814065,-0.009371193,2610.976
0.07321341,0.00280793,-0.009398771,2627.818
0.07351261,0.002772989,-0.009415735,2644.685
0.07366705,0.002667756,-0.009465848,2661.52
0.07372647,0.002482139,-0.009692506,2678.502
0.07380822,0.002280806,-0.01002743,2695.274
0.07390755,0.002233656,-0.01024156,2712.099
0.07407829,0.002208637,-0.01029097,2729.195
0.07426821,0.002264629,-0.01028647,2745.737
0.0743921,0.002430246,-0.01018791,2762.579
0.07443467,0.002756173,-0.0100732,2779.571
0.07448785,0.003004287,-0.009892187,2796.374
0.07463632,0.003375879,-0.009729508,2813.197
0.07479741,0.003661866,-0.009580963,2830.048
0.07484438,0.003880505,-0.009398771,2846.854
0.0748619,0.003970869,-0.009147719,2863.76
0.07475659,0.00399668,-0.008883432,2880.513
0.07460766,0.003975928,-0.008651637,2897.497
0.07453623,0.003882386,-0.008493446,2914.41
0.07450572,0.00375709,-0.008275128,2931.212
0.074471,0.003675149,-0.00807588,2948.026
0.07446693,0.003547005,-0.007901521,2964.859
0.07441014,0.003461975,-0.007682144,2981.668
0.07426478,0.003347596,-0.007509193,2998.551
0.07417752,0.003313736,-0.007306543,3015.355
0.07402057,0.003197814,-0.007013858,3032.217
0.0738982,0.003122541,-0.006919736,3049.21
0.07381392,0.002940506,-0.007114877,3065.963
0.07386152,0.002731943,-0.007412285,3082.627
0.07415743,0.002303993,-0.007592744,3099.511
0.07437963,0.001980964,-0.007774633,3116.475
0.0747379,0.001373426,-0.00788175,3133.465
0.07485893,0.0009431714,-0.007862168,3150.132
0.07486579,0.0006010044,-0.007891443,3166.983
0.07480727,0.0002607967,-0.007942555,3183.926
0.07482903,-0.0001002076,-0.007877953,3200.73
0.07484749,-0.0002760788,-0.007722126,3217.545
0.07483602,-0.0003680462,-0.007663826,3234.365
0.07482692,-0.0004325889,-0.007544718,3251.206
0.07468751,-0.0004794382,-0.007457118,3268.047
0.07441187,-0.0004676636,-0.007482216,3284.9
0.07402833,-0.0004568446,-0.007710549,3301.611
0.0736662,-0.0003345823,-0.007872561,3318.595
0.073282,-0.000251135,-0.008014094,3335.438
0.07291778,-0.0001484026,-0.008174618,3352.223
0.07258007,2.918767E-06,-0.008343827,3369.125
0.07211118,0.0002315597,-0.008508121,3385.926
0.0717258,0.0005012956,-0.008705926,3402.672
0.07147374,0.0006594477,-0.008943437,3419.665
0.07115461,0.0008576506,-0.009167881,3436.456
0.07091657,0.0009767618,-0.009323525,3453.203
0.07064996,0.0009948892,-0.00945762,3470.174
0.07034215,0.001031916,-0.009556058,3487.024
0.07011703,0.001033142,-0.009638716,3503.969
0.07004866,0.001108935,-0.00965794,3520.743
0.06998628,0.001247918,-0.009783456,3537.593
0.06989926,0.001425683,-0.009850224,3554.485
0.06968503,0.001613304,-0.009964815,3571.219
0.06930631,0.001815403,-0.009957348,3588.05
0.06895765,0.001997872,-0.0100357,3604.908
0.06863569,0.002190535,-0.01012769,3621.804
0.06849305,0.002305538,-0.0102883,3638.594
0.06833058,0.00246164,-0.01046768,3655.509
0.06812101,0.002657573,-0.01080996,3672.327
0.06796972,0.002772784,-0.0109485,3689.179
0.0677963,0.002920394,-0.01130346,3705.956
0.06767381,0.003017889,-0.01145742,3722.769
0.06750886,0.003124211,-0.01172676,3739.611
0.06743405,0.003176892,-0.01178857,3756.56
0.06729458,0.003255214,-0.01191411,3773.342
0.06724614,0.003302954,-0.01189876,3790.18
0.06713935,0.003348481,-0.01179103,3807.086
0.06703832,0.003414493,-0.01171708,3823.983
0.06692228,0.00358859,-0.01176149,3840.659
0.06687625,0.003785614,-0.01182326,3857.627
0.06693403,0.004026995,-0.01185875,3874.604
0.06705865,0.004186659,-0.01182148,3891.209
0.06728693,0.004470341,-0.01172143,3908.137
0.06745949,0.004684858,-0.01164663,3924.917
0.06761097,0.004938622,-0.01159445,3941.692
0.06774596,0.005234252,-0.01152805,3958.865
0.06796577,0.005515829,-0.01135308,3975.534
0.06806143,0.005747348,-0.01128785,3992.386
0.06815499,0.005955285,-0.01109984,4009.211
0.06834241,0.006072212,-0.01095267,4026.025
0.0685172,0.006149056,-0.01086197,4042.804
0.06875023,0.006237911,-0.01079761,4059.813
0.06894632,0.006247215,-0.01083451,4076.571
0.06907526,0.006256341,-0.01092181,4093.438
0.06918487,0.006219321,-0.01097598,4110.309
0.06920363,0.006181302,-0.0110408,4127.143
0.0692189,0.006135986,-0.01110389,4143.89
0.06926455,0.006114621,-0.01107039,4160.749
0.06935056,0.00609594,-0.01100571,4177.688
0.0694434,0.006111925,-0.01091679,4194.447
0.06955087,0.00614553,-0.01077769,4211.411
0.06964356,0.006161421,-0.01064341,4228.375
0.06970603,0.006212438,-0.01040994,4244.982
0.06985211,0.006172486,-0.01011235,4261.874
0.069934,0.00610009,-0.00985308,4278.762
0.07013918,0.005938549,-0.009489473,4295.661
0.07029337,0.005756137,-0.009289861,4312.456
0.07054299,0.00562064,-0.009267258,4329.184
0.07099032,0.005349211,-0.009098287,4346.022
0.071303,0.005188644,-0.008911334,4362.882
0.07134612,0.005055032,-0.008858783,4379.865
0.0713181,0.00495132,-0.008775673,4396.632
0.07123594,0.004817553,-0.0088167,4413.566
0.07106024,0.004732692,-0.008855474,4430.58
0.07099529,0.004673795,-0.008794496,4447.263
0.07093244,0.00458143,-0.008688496,4464.103
0.07088569,0.004468147,-0.008504989,4480.924
0.07087248,0.004394865,-0.008328184,4497.741
0.07087214,0.004326235,-0.008176397,4514.701
0.07090941,0.004277261,-0.008041024,4531.485
0.07090614,0.004279889,-0.007993391,4548.322
0.07087858,0.004280658,-0.007880203,4565.194
0.07074422,0.004204781,-0.007573152,4581.921
0.07060062,0.004172976,-0.007480337,4598.864
0.07049502,0.004181201,-0.007527968,4615.592
0.07041723,0.004275735,-0.007637927,4632.706
0.07032757,0.004421999,-0.0078311,4649.416
0.07029799,0.004573453,-0.007906544,4666.411
0.0702988,0.004751485,-0.007906547,4683.02
0.07031837,0.004965439,-0.00790305,4699.959
0.07038069,0.005165663,-0.007926133,4716.81
0.07049482,0.005320253,-0.007946346,4733.6
0.07063325,0.005446019,-0.007949626,4750.499
0.07083695,0.005536751,-0.007933148,4767.337
0.07098023,0.005574673,-0.007954962,4784.218
0.07117473,0.005586835,-0.007892615,4801.025
0.07136697,0.005539154,-0.007913669,4817.765
0.07159102,0.005444004,-0.007930116,4834.696
0.07181067,0.005390162,-0.008036212,4851.479
0.0719303,0.005367605,-0.008133754,4868.409
0.07207629,0.005348241,-0.008213516,4885.249
0.07218403,0.005374068,-0.008269727,4901.951
0.07235076,0.005420761,-0.008267149,4918.846
0.07246149,0.005495904,-0.00831931,4935.713
0.07254454,0.005617233,-0.008389079,4952.529
0.07263003,0.005708402,-0.008405489,4969.374
0.07275234,0.005853197,-0.008492859,4986.331
0.07287288,0.005931108,-0.008555694,5003.021
0.07293263,0.006031527,-0.008652427,5019.921
0.07303189,0.006176504,-0.008823743,5036.853
0.07306907,0.006296153,-0.008987064,5053.677
0.07308561,0.006413135,-0.009084322,5070.553
0.07308023,0.006618857,-0.009223217,5087.397
0.07308952,0.006804077,-0.009340945,5104.149
0.07314729,0.006993388,-0.009418954,5121.039
0.07317762,0.007229292,-0.009447898,5137.919
0.07326093,0.007369976,-0.009447319,5154.773
0.07330163,0.007612043,-0.00952247,5171.648
0.07340162,0.007888476,-0.009675324,5188.433
0.07343946,0.008072335,-0.009803545,5205.209
0.07368848,0.00831324,-0.00993311,5222.098
0.07402388,0.008462455,-0.0100606,5239.105
0.07459564,0.008648175,-0.01006432,5255.987
0.07494752,0.008708254,-0.01001438,5272.661
0.07528014,0.00879549,-0.009955716,5289.437
0.07550197,0.00895978,-0.01007959,5306.452
0.0756076,0.009155584,-0.01035866,5323.342
0.07559706,0.009307541,-0.01042999,5339.936
0.07549903,0.009428634,-0.01048111,5357.022
0.07532027,0.009491926,-0.01060348,5373.925
0.07519487,0.009544721,-0.01080603,5390.592
0.0750284,0.009582271,-0.01108257,5407.544
0.07494441,0.009636856,-0.01138725,5424.246
0.07483985,0.00977835,-0.01171318,5440.938
0.07461916,0.009942731,-0.01189491,5458.042
0.07438668,0.01021093,-0.01197051,5474.676
0.07404497,0.01046151,-0.012041,5491.462
0.0736194,0.01073933,-0.01204317,5508.39
0.0733091,0.01096063,-0.01200193,5525.326
0.07311628,0.01119876,-0.01194072,5542.132
0.07299586,0.01138826,-0.01185635,5559.043
0.0727865,0.0115116,-0.01167344,5575.691
0.07247485,0.0115523,-0.0115892,5592.576
0.07222259,0.01157528,-0.01161156,5609.457
0.07190572,0.01160481,-0.01165801,5626.407
0.07176787,0.01157941,-0.01167828,5643.28
0.0717259,0.01152233,-0.01166973,5660.134
0.07164837,0.01145387,-0.01162985,5676.875
0.07163718,0.01137879,-0.01160399,5693.731
0.07170133,0.01126483,-0.01154031,5710.561
0.0718444,0.01118745,-0.01149773,5727.394
0.07205107,0.01108879,-0.01141671,5744.205
0.07216951,0.01104834,-0.01127698,5761.034
0.07232215,0.01097962,-0.01112235,5777.825
0.07237892,0.01096115,-0.01103491,5794.777
0.0724838,0.01094632,-0.01099092,5811.592
0.07255165,0.01100581,-0.01094191,5828.337
0.07271676,0.01108112,-0.01084929,5845.264
0.07285019,0.01116813,-0.01074045,5862.218
0.07298336,0.01124881,-0.01056507,5878.958
0.07307987,0.01136377,-0.01037078,5895.804
0.07306258,0.01147951,-0.01023382,5912.65
0.07295809,0.01156211,-0.01016805,5929.601
0.07284854,0.01159003,-0.01012875,5946.335
0.07277665,0.0116586,-0.010158,5963.116
0.07277492,0.01172196,-0.01017245,5979.996
0.07280199,0.01180646,-0.01018298,5996.842
0.07298265,0.01193879,-0.01011133,6013.596
0.07316776,0.01210855,-0.01001235,6030.53
0.07332525,0.01228082,-0.009965407,6047.394
0.07347532,0.01252042,-0.00996406,6064.289
0.07362166,0.01267948,-0.009836529,6081.031
0.07375374,0.01283494,-0.009599569,6097.926
0.07379778,0.0129172,-0.009575905,6114.774
0.07387559,0.01310515,-0.009715528,6131.68
0.07403715,0.01324082,-0.009825014,6148.479
0.07418702,0.01338336,-0.009880517,6165.339
0.07443701,0.01350115,-0.00985941,6182.116
0.07459378,0.01373476,-0.009769191,6198.981
0.07482389,0.01399444,-0.009671151,6215.736
0.07494178,0.01418207,-0.009577419,6232.69
0.07510024,0.01437245,-0.009494689,6249.448
0.07517684,0.01446544,-0.009382133,6266.385
0.07529906,0.0145115,-0.009249022,6283.184
0.07550628,0.0145032,-0.009038421,6300.075
0.07559151,0.01437872,-0.008862609,6316.864
0.07564962,0.01421278,-0.008774217,6333.76
0.0756853,0.01405339,-0.00877448,6350.603
0.07577454,0.01371005,-0.008730513,6367.453
0.07582141,0.01348103,-0.008729738,6384.29
0.07591451,0.01319956,-0.008610344,6401.079
0.07597453,0.01302638,-0.008448496,6417.981
0.07597526,0.01290612,-0.008297687,6434.82
0.07597579,0.01289302,-0.008231307,6451.659
0.07593364,0.01288317,-0.008224985,6468.5
0.07585907,0.01295527,-0.008206579,6485.347
0.07577837,0.01304684,-0.008218237,6502.154
0.07563104,0.01320499,-0.008268939,6519.049
0.07544871,0.01337886,-0.00836197,6535.887
0.0753397,0.01360155,-0.008533746,6552.737
0.07523072,0.01380331,-0.008650722,6569.51
0.07513237,0.0140253,-0.00885289,6586.369
0.0750082,0.01421511,-0.008972669,6603.207
0.07492612,0.01438765,-0.009028448,6620.098
0.07476129,0.01459036,-0.00907751,6636.492
0.07452123,0.01477352,-0.009026014,6653.792
0.07435258,0.01483289,-0.008989032,6670.633
0.07421664,0.01491008,-0.008958279,6687.574
0.07416338,0.01495429,-0.008879833,6704.344
0.07411536,0.01494294,-0.00874281,6721.167
0.07408589,0.01492286,-0.008645255,6738.162
0.07407697,0.01489583,-0.008468042,6754.756
0.07410465,0.0147874,-0.00805878,6771.666
0.07412481,0.01472908,-0.007859329,6788.539
0.07409491,0.01466575,-0.00774782,6805.373
0.07405508,0.01462634,-0.007700595,6822.173
0.07403626,0.01462846,-0.00769152,6839.051
0.07407197,0.01463164,-0.007644837,6855.826
0.07428793,0.01469306,-0.007504047,6872.843
0.07452816,0.01481197,-0.007303604,6889.591
0.0746588,0.01494568,-0.007227419,6906.361
0.07467186,0.01511672,-0.007151156,6923.228
0.07459324,0.01527178,-0.007174324,6940.04
0.07450237,0.01540908,-0.007205137,6956.879
0.07431993,0.01554908,-0.00718104,6973.878
0.07403293,0.01565269,-0.006976247,6990.601
0.07375742,0.01570285,-0.006792247,7007.496
0.07339648,0.0157416,-0.006617103,7024.403
0.07324684,0.01577751,-0.006597902,7041.055
0.07311786,0.01576357,-0.006585791,7057.949
0.07294149,0.01573311,-0.006566974,7074.883
0.07267051,0.01567708,-0.006585907,7091.611
0.07237794,0.01561069,-0.00660587,7108.542
0.0721833,0.01562166,-0.006670291,7125.375
0.07214249,0.01561641,-0.006784442,7142.109
0.07219383,0.0156378,-0.00694887,7159.095
0.07229843,0.01570933,-0.007067969,7175.904
0.07243562,0.01575415,-0.007240207,7192.673
0.07260707,0.01579323,-0.007390121,7209.523
0.07290889,0.01583675,-0.007582886,7226.473
0.07322352,0.01585682,-0.007775145,7243.14
0.07347246,0.01583865,-0.007853582,7260.064
0.07365216,0.01582565,-0.007983424,7276.909
0.07389848,0.01581352,-0.008135617,7293.752
0.07417208,0.01577813,-0.008252026,7310.595
0.07431278,0.01578348,-0.008348075,7327.525
0.07443406,0.01575369,-0.008444013,7344.243
0.07447685,0.01577303,-0.008476377,7361.086
0.07446727,0.01578162,-0.008517949,7377.944
0.07445002,0.01580632,-0.008567913,7394.767
0.07452735,0.01582772,-0.008616047,7411.625
0.0745462,0.01584863,-0.00868125,7428.557
0.07468429,0.01585203,-0.008653941,7445.362
0.07475456,0.01588284,-0.00853582,7462.157
0.07477792,0.01591045,-0.008528166,7479.102
0.07482461,0.01604921,-0.008715331,7495.954
0.07466664,0.01623377,-0.008859113,7512.778
0.07437462,0.01649769,-0.008923326,7529.802
0.07397136,0.01687196,-0.008693583,7546.37
0.07381177,0.01707676,-0.008606452,7563.222
0.07368535,0.01738049,-0.00828816,7580.083
0.0737563,0.01749774,-0.008158192,7597.025
0.07390406,0.0175703,-0.007678989,7613.917
0.07420584,0.01743428,-0.007165434,7630.867
0.07458111,0.01732595,-0.006773132,7647.56
0.0748895,0.01715353,-0.006458082,7664.429
0.07501484,0.01705572,-0.006203968,7681.2
0.07519313,0.0169266,-0.006012055,7698.095
0.07529957,0.01686748,-0.005914106,7714.835
0.07545324,0.01680295,-0.00578168,7731.767
0.07554028,0.01682112,-0.005684167,7748.626
0.07565714,0.01678203,-0.005515984,7765.508
0.07576298,0.01680758,-0.00531811,7782.251
0.07585588,0.01682168,-0.005198627,7799.308
0.07592393,0.01692578,-0.004957168,7815.903
0.0759887,0.01702632,-0.004730877,7832.841
0.07618638,0.01709585,-0.004446757,7849.665
0.07628523,0.01718863,-0.0042942,7866.518
0.07640544,0.01724316,-0.004172088,7883.345
0.07649908,0.01730909,-0.004098297,7900.235
0.07651905,0.01742188,-0.004081764,7917.077
0.07641232,0.01748787,-0.004131312,7933.94
0.07608297,0.01754619,-0.004238466,7950.734
0.07563712,0.01765354,-0.004495081,7967.491
0.07511444,0.01791573,-0.004727063,7984.5
0.07455951,0.01821589,-0.004811138,8001.228
0.07384286,0.01860153,-0.005002052,8018.033
0.0736412,0.01881107,-0.004982993,8034.972
0.07328594,0.01912082,-0.005036477,8051.786
0.07302269,0.01947393,-0.00500509,8068.629
0.07293542,0.01967963,-0.005177964,8085.516
0.07295244,0.0199267,-0.005291444,8102.298
0.07295279,0.02026468,-0.00552681,8119.373
0.07308858,0.02045624,-0.005656704,8136.029
0.07318192,0.02058777,-0.005692285,8152.837
0.07327016,0.02075991,-0.005846534,8169.759
0.07346257,0.02096034,-0.006348407,8186.565
0.0736564,0.02109687,-0.006614251,8203.399
0.07398527,0.02115719,-0.006904233,8220.267
0.07426867,0.02117577,-0.007022221,8237.093
0.07460599,0.02117123,-0.007087747,8253.931
0.07482653,0.02115817,-0.007128192,8270.784
0.07485839,0.02116275,-0.007175486,8287.584
0.07489015,0.02110713,-0.007195844,8304.443
0.074901,0.0209971,-0.007123829,8321.338
0.07486363,0.0208219,-0.007034096,8338.185
0.07491058,0.02050679,-0.006931883,8355.034
0.07496304,0.02028078,-0.006800251,8371.976
0.07499528,0.01994894,-0.006826764,8388.718
0.07497855,0.01975677,-0.006884682,8405.597
0.07494463,0.01953098,-0.006920902,8422.411
0.07495346,0.01935861,-0.00689765,8439.277
0.07498599,0.01923715,-0.006844634,8456.049
0.07504199,0.0192168,-0.006779855,8473.151
0.07511187,0.01923313,-0.006703629,8489.808
0.0752783,0.01929812,-0.00660023,8506.635
0.07541876,0.01934243,-0.006561931,8523.673
0.0755634,0.01937613,-0.006486104,8540.354
0.07568017,0.01940304,-0.006488889,8557.208
0.07591418,0.01942733,-0.006511165,8574.084
0.07611587,0.01949316,-0.006509215,8590.903
0.07623841,0.01955313,-0.006484753,8607.714
0.07633951,0.01970463,-0.006406037,8624.657
0.07635974,0.0198851,-0.006207521,8641.339
0.07629386,0.02010068,-0.006003392,8658.302
0.07628413,0.02019872,-0.0057959,8675.172
0.07630467,0.02028179,-0.005502114,8691.854
0.07631509,0.02034021,-0.005344671,8708.834
0.07642339,0.0203348,-0.005126564,8725.722
0.07649218,0.0202742,-0.004923982,8742.411
0.07651739,0.02025608,-0.004822471,8759.396
0.07649656,0.02026691,-0.004661769,8776.258
0.07643363,0.02028786,-0.004567049,8793.047
0.07624933,0.02032091,-0.004513435,8809.945
0.07613824,0.02036908,-0.00432728,8826.808
0.07586639,0.02025008,-0.00397883,8843.503
0.07572122,0.02020831,-0.003916667,8860.437
0.07554552,0.02017581,-0.004122502,8877.338
0.07546205,0.02029508,-0.00446291,8894.028
0.07542118,0.02035669,-0.004748099,8911
0.07538389,0.02048714,-0.004917944,8927.993
0.07535267,0.02061512,-0.004996407,8944.747
0.07523232,0.02085771,-0.005081343,8961.549
0.07504977,0.02107437,-0.005138126,8978.4
0.07487118,0.02133596,-0.005179554,8995.272
0.07470535,0.02153334,-0.005169616,9012.173
0.07448626,0.02168841,-0.005132994,9028.95
0.074454,0.02177375,-0.005095791,9045.752
0.07441159,0.02177454,-0.005019557,9062.593
0.0743676,0.02172578,-0.004981813,9079.486
0.07427584,0.02174451,-0.005071566,9096.364
0.07406709,0.02185149,-0.005171171,9113.172
0.07363664,0.02201044,-0.005193837,9130.014
0.07336619,0.02213022,-0.005071667,9146.865
0.0731464,0.02215596,-0.004995901,9163.66
0.07298678,0.02208383,-0.005008282,9180.506
0.07288425,0.02191973,-0.005163169,9197.411
0.07288277,0.02175745,-0.005246021,9214.277
0.07289239,0.02150301,-0.005346684,9231.094
0.07295628,0.02136836,-0.005315354,9247.887
0.07307316,0.02118392,-0.005235287,9264.739
0.07321088,0.0209657,-0.005037367,9281.637
0.07338008,0.02071766,-0.004841105,9298.485
0.07360769,0.02045472,-0.00461186,9315.316
0.07385429,0.02017665,-0.004422294,9332.175
0.07397773,0.01995844,-0.004251991,9348.997
0.07392257,0.01977475,-0.004130158,9365.851
0.07377639,0.01964185,-0.004027404,9382.649
0.07362178,0.01953878,-0.003971874,9399.437
0.07337896,0.01949612,-0.003959454,9416.402
0.07323565,0.01947153,-0.003970739,9433.223
0.07313919,0.01942223,-0.003980707,9449.979
0.07313009,0.01937284,-0.004085359,9466.822
0.07313312,0.01933216,-0.004126386,9483.722
0.07318336,0.01925867,-0.004077118,9500.507
0.07325289,0.01909882,-0.003935675,9517.442
0.0733683,0.01894838,-0.003956269,9534.434
0.07342246,0.01879201,-0.004140822,9551.019
0.07344268,0.01866307,-0.00427807,9567.962
0.07355455,0.01853164,-0.004382468,9584.876
0.07365867,0.01841959,-0.004362,9601.612
0.07379082,0.01839494,-0.004307322,9618.522
0.07387683,0.01841352,-0.00429165,9635.386
0.07390948,0.01846765,-0.004364982,9652.207
0.07395364,0.01853518,-0.004408103,9669.046
0.07403358,0.01863664,-0.004412805,9685.892
0.07420969,0.01869299,-0.004328054,9702.665
0.07459655,0.01871623,-0.004137163,9719.605
0.07487664,0.01872098,-0.00402748,9736.438
0.07515916,0.0187276,-0.003988943,9753.294
0.07526201,0.01871701,-0.003970927,9770.126
0.07530773,0.01868708,-0.003905353,9787.014
0.07535926,0.01856316,-0.003830287,9803.705
0.0753961,0.01844539,-0.003738694,9820.548
0.07539299,0.01835322,-0.003663637,9837.462
0.0754004,0.01829675,-0.003600046,9854.301
0.07534602,0.0182454,-0.003536014,9871.121
0.07529821,0.01819318,-0.003451418,9887.905
0.07529065,0.01813754,-0.003342357,9904.931
0.07521842,0.01807024,-0.003243782,9921.726
0.07509938,0.01800009,-0.003162213,9938.533
0.07493444,0.01792915,-0.00307517,9955.393
0.07478099,0.01792372,-0.003047886,9972.331
0.07466284,0.01794903,-0.002993951,9989.134
0.07460732,0.01799409,-0.002926011,10005.9
0.0746102,0.01802195,-0.002875346,10022.79
0.07463278,0.01802484,-0.002853504,10039.64
0.07465088,0.01799306,-0.002855039,10056.5
0.07466927,0.01795835,-0.002896712,10073.33
0.07469599,0.01788505,-0.002993211,10090.17
0.07476193,0.01784912,-0.003129894,10106.98
0.0748527,0.01783898,-0.003306146,10123.96
0.07492099,0.01788078,-0.003453958,10140.71
0.07505132,0.01792836,-0.00351524,10157.6
0.0752214,0.01795044,-0.003583767,10174.45
0.07535199,0.01805133,-0.003862662,10191.28
0.07553574,0.01814659,-0.004333124,10208.15
0.07564036,0.01824907,-0.004788183,10224.95
0.07585601,0.01831333,-0.005175667,10241.79
0.07594936,0.01843,-0.005375755,10258.69
0.07607996,0.01859598,-0.00564925,10275.7
0.07618753,0.01884109,-0.005923297,10292.39
0.07628305,0.01907581,-0.006096133,10309.23
0.07637084,0.0192564,-0.006102307,10326.36
0.0764323,0.01933316,-0.006166272,10343.08
0.07643731,0.01930087,-0.006178692,10359.78
0.07626105,0.01897326,-0.006103897,10376.73
0.07611634,0.01858843,-0.006072424,10393.49
0.07598058,0.0181366,-0.006125495,10410.44
0.07594226,0.01778765,-0.006258537,10427.19
0.07586792,0.01748931,-0.006265365,10444.22
0.07586807,0.01724489,-0.006160465,10460.87
0.07592607,0.01701312,-0.006026558,10477.89
0.07589566,0.01683614,-0.005858987,10494.64
0.07592215,0.01670538,-0.005688794,10511.42
0.07591423,0.01655999,-0.005579187,10528.36
0.07598837,0.0164187,-0.005472756,10545.13
0.07600658,0.01631563,-0.005430863,10562.01
0.07606558,0.01624111,-0.005366851,10578.93
0.07607723,0.01620487,-0.005325389,10595.71
0.07614351,0.01617402,-0.005298099,10612.6
0.07618911,0.01616052,-0.005303647,10629.45
0.07619909,0.01615054,-0.005304999,10646.31
0.07618288,0.01615242,-0.005291977,10663.16
0.07613839,0.01614277,-0.005276405,10679.99
0.07609804,0.01612104,-0.005265638,10696.85
0.07607847,0.01607272,-0.005217988,10713.74
0.07605223,0.01604001,-0.005203544,10730.69
0.07602951,0.0160153,-0.005129752,10747.42
0.07597048,0.01600464,-0.005057277,10764.29
0.07592919,0.01599913,-0.004903716,10781.04
0.07589908,0.01594828,-0.004745523,10797.98
0.0758503,0.01588225,-0.004545511,10814.77
0.0758281,0.01573852,-0.004161202,10831.65
0.07584646,0.01560657,-0.003960887,10848.64
0.07586619,0.0155082,-0.003957461,10865.31
0.07591166,0.01543279,-0.004059451,10882.05
0.07593894,0.01544894,-0.004152007,10898.95
0.07598978,0.01547534,-0.004206341,10915.89
0.07601348,0.01554926,-0.004218726,10932.64
0.0760669,0.01568681,-0.004208925,10949.48
0.07613729,0.01582314,-0.00424828,10966.34
0.07617941,0.0159646,-0.004291129,10983.15
0.07620314,0.01607935,-0.004344451,11000.03
0.07619722,0.01620328,-0.004386643,11016.84
0.07615061,0.01625515,-0.004416641,11033.77
0.07604482,0.01629997,-0.004441618,11050.58
0.07594708,0.016331,-0.004502058,11067.38
0.0758389,0.01632772,-0.004656848,11084.39
0.07573915,0.0163665,-0.004893779,11101.11
0.07576529,0.01640698,-0.005109041,11118
0.07584548,0.01645646,-0.005338139,11134.86
0.07607143,0.01658373,-0.005496887,11151.75
0.07632076,0.01674872,-0.005708162,11168.59
0.07652288,0.01690408,-0.005938218,11185.44
0.07668387,0.01709838,-0.006104346,11202.33
0.07683683,0.01730186,-0.006357407,11219.09
0.07689437,0.01745729,-0.006470896,11235.94
0.07697904,0.01762631,-0.006632174,11252.95
0.07699329,0.01772673,-0.006764208,11269.72
0.0770454,0.01783874,-0.006959124,11286.52
0.07705586,0.01793487,-0.007084693,11303.47
0.07706196,0.01803736,-0.00720657,11320.17
0.07705113,0.0180977,-0.007293326,11337.09
0.07708672,0.01816341,-0.007397586,11354.08
0.0771536,0.01822472,-0.0074741,11370.75
0.07729181,0.01836774,-0.007645278,11387.59
0.07739639,0.01854394,-0.007747117,11404.59
0.07753386,0.01872553,-0.007856951,11421.26
0.07765894,0.01893779,-0.00797601,11438.14
0.07779001,0.0191256,-0.008032501,11455.1
0.0779191,0.01931735,-0.008035335,11471.83
0.07800949,0.01945573,-0.008028373,11488.68
0.07808048,0.01959562,-0.007990076,11505.65
0.07810815,0.01974349,-0.007922526,11522.35
0.07806809,0.01978609,-0.007802896,11539.36
0.07794973,0.01980357,-0.007726211,11556.23
0.07786185,0.0198648,-0.00774187,11572.93
0.07774758,0.01999273,-0.007880131,11589.77
0.07771346,0.02002754,-0.007902639,11604.7
0.07761276,0.02003539,-0.007814969,11623.32
0.0775016,0.02002664,-0.007616419,11640.39
0.07731123,0.01994088,-0.007331275,11657.1
0.07697187,0.01985123,-0.007084315,11674
0.07668431,0.01976698,-0.006925046,11690.9
0.07644469,0.01960797,-0.006666221,11707.87
0.0762613,0.01943177,-0.006419811,11724.55
0.0761584,0.01926467,-0.006220746,11741.3
0.07596115,0.01897154,-0.005738302,11758.3
0.07587574,0.0188002,-0.005571643,11775.02
0.07579138,0.01875238,-0.005516263,11791.97
0.07563991,0.01863449,-0.005336853,11808.75
0.07549687,0.01846491,-0.005113052,11825.58
0.07549404,0.01835376,-0.004988133,11842.53
0.07553539,0.01816859,-0.004759079,11859.29
0.07567051,0.01805479,-0.004571812,11876.11
0.07580097,0.01799445,-0.004497838,11893
0.07600694,0.01797927,-0.004414365,11909.86
0.07618376,0.01807893,-0.00435785,11926.67
0.07633727,0.01823248,-0.004233581,11943.47
0.07648288,0.01843823,-0.004113327,11960.4
0.07661926,0.01864651,-0.003998184,11977.23
0.07670359,0.01888234,-0.00385874,11994.1
0.07692868,0.01909016,-0.003660076,12010.94
0.07727261,0.01928603,-0.003486869,12027.75
0.07761291,0.01942314,-0.003200497,12044.59
0.07785725,0.01954463,-0.003041435,12061.42
0.0779303,0.01963442,-0.00284827,12078.34
0.07794701,0.01977033,-0.002643407,12095.14
0.07794664,0.01986403,-0.002465246,12112.1
0.07802364,0.01985973,-0.002346838,12128.86
0.07811895,0.01984804,-0.002289323,12145.8
0.07828771,0.01983985,-0.002250505,12162.61
0.07846244,0.01984771,-0.002251663,12179.46
0.07862778,0.01989034,-0.002291938,12196.32
0.07875575,0.02001513,-0.002354812,12213.16
0.07883676,0.02006226,-0.002265761,12230
0.07897057,0.02005516,-0.002081852,12246.86
0.07909058,0.02000978,-0.002085656,12263.78
0.07916048,0.01998795,-0.002286974,12280.54
0.07927079,0.01994695,-0.002639529,12297.45
0.07941069,0.0198828,-0.002863258,12314.31
0.07957505,0.01986203,-0.003069209,12331.13
0.07973547,0.01987861,-0.003269177,12347.99
0.07986373,0.02000155,-0.003497314,12364.84
0.07980997,0.02022741,-0.003697192,12381.63
0.07973709,0.02042055,-0.003786674,12398.53
0.07959638,0.02061399,-0.0038488,12415.39
0.07940841,0.02076389,-0.003853491,12432.21
0.07922725,0.02077664,-0.00380538,12449.06
0.079112,0.02072652,-0.003702932,12465.96
0.0789708,0.02058494,-0.003692909,12482.71
0.0789541,0.02035582,-0.003675174,12499.62
0.07889058,0.02004093,-0.003471587,12516.47
0.07886299,0.01975822,-0.003240556,12533.35
0.07873515,0.01939102,-0.002887328,12550.05
0.07860573,0.01910926,-0.002607428,12567
0.07843759,0.01886829,-0.002386789,12583.88
0.07819539,0.01856869,-0.002136276,12600.64
0.07798877,0.01832302,-0.001931384,12617.5
0.07780037,0.01809562,-0.001815134,12634.43
0.07767995,0.01793778,-0.001731469,12651.13
0.07769093,0.01775242,-0.001670616,12668.23
0.07772691,0.01766855,-0.001636277,12684.91
0.07779657,0.01759527,-0.001561175,12701.61
0.07789312,0.01757764,-0.001536561,12718.61
0.07795037,0.01761329,-0.001491374,12735.39
0.07801512,0.01769612,-0.001472065,12752.26
0.07808923,0.0177918,-0.001526918,12769.12
0.07814553,0.01787852,-0.001573461,12785.94
0.0782248,0.01799794,-0.001711913,12802.92
0.07822394,0.01808519,-0.001842626,12819.57
0.07828059,0.01816032,-0.002008968,12836.47
0.07837623,0.01820595,-0.002141098,12853.21
0.07852133,0.01827887,-0.002316754,12870.36
0.07866855,0.01835649,-0.002460841,12886.93
0.07877843,0.01841257,-0.002574582,12903.75
0.0789023,0.01843536,-0.002676291,12920.7
0.0789364,0.01846162,-0.002833223,12937.59
0.07904474,0.01847704,-0.003393299,12954.41
0.07922293,0.01847917,-0.003797809,12971.16
0.07948461,0.01851432,-0.004068006,12988.07
0.079863,0.01847551,-0.004253663,13004.85
0.08019364,0.01853687,-0.00433574,13021.68
0.08031456,0.01865861,-0.004442724,13038.53
0.08039182,0.01876072,-0.004636414,13055.38
0.08045127,0.01886963,-0.004747806,13072.3
0.08045657,0.01897832,-0.004899439,13089.1
0.08055453,0.01903229,-0.005044395,13106.1
0.08071159,0.01902003,-0.005189332,13122.79
0.08083926,0.01901305,-0.005286616,13139.65
0.08102164,0.01895089,-0.005478485,13156.72
0.08112413,0.01894191,-0.005637745,13173.32
0.0811397,0.01897782,-0.00576068,13190.2
0.08111846,0.01901943,-0.005843912,13207.11
0.0810329,0.01910431,-0.005857593,13224
0.08091739,0.0191978,-0.005858465,13240.71
0.08083247,0.01929664,-0.005857697,13257.66
0.0808063,0.01939746,-0.005889905,13274.52
0.08082784,0.0194433,-0.00591356,13291.39
0.08082516,0.01948383,-0.005956525,13308.23
0.08078527,0.01950022,-0.005967476,13325.13
0.08077403,0.01949114,-0.005990797,13341.91
0.08074578,0.01947254,-0.006009864,13358.79
0.08067691,0.01942081,-0.006075751,13375.64
0.08056586,0.01936337,-0.006156882,13392.46
0.0803934,0.01924478,-0.006256393,13409.3
0.08018674,0.01905785,-0.006379823,13426.15
0.07993769,0.01882076,-0.00654599,13442.94
0.07964446,0.0184799,-0.006829344,13459.85
0.07952523,0.01817677,-0.007220563,13476.69
0.07926419,0.01784472,-0.008012255,13493.47
0.07931624,0.01784614,-0.008221081,13510.37
0.07935016,0.01793978,-0.008330084,13527.23
0.07946692,0.01833222,-0.008328625,13543.94
0.07964711,0.01893085,-0.008089344,13560.88
0.0796899,0.0196048,-0.00774415,13577.77
0.07967294,0.02058217,-0.007272365,13594.49
0.07958237,0.02118521,-0.006963425,13611.44
0.0792005,0.02158648,-0.006524691,13628.32
0.07857154,0.02192587,-0.006380963,13645.12
0.07804542,0.02207355,-0.00662863,13661.86
0.07745452,0.02211212,-0.006920017,13679
0.07663997,0.02186101,-0.007005815,13695.59
0.07579436,0.02116961,-0.006646369,13712.47
0.07532073,0.0205433,-0.006262431,13729.48
0.07532215,0.02033734,-0.006030357,13746.21
0.07531897,0.02037943,-0.006046404,13762.91
0.0753739,0.02056095,-0.006027191,13779.89
0.07556736,0.02133933,-0.00617786,13796.65
0.07560273,0.02251679,-0.006295891,13813.58
0.07546488,0.02366946,-0.006499262,13830.37
0.07553043,0.02497548,-0.006360695,13847.28
0.07557806,0.02556893,-0.006380419,13864.09
0.07581193,0.02635975,-0.006494315,13881.15
0.0763892,0.02744127,-0.006671552,13897.73
0.07744197,0.0284112,-0.007033209,13914.68
0.07813219,0.02921505,-0.00720629,13931.53
0.07801965,0.02937444,-0.007082668,13948.28
0.07769435,0.0297251,-0.006807227,13965.24
0.07730759,0.03006694,-0.006551214,13981.93
0.07734409,0.03023458,-0.006394214,13998.82
0.07726181,0.03041822,-0.006158867,14015.63
0.07723948,0.03044177,-0.005945889,14032.44
0.07728998,0.03033921,-0.005713322,14049.34
0.07753985,0.03020028,-0.005468519,14066.19
0.07799228,0.03000011,-0.005121665,14082.99
0.07834992,0.02985452,-0.004606322,14099.86
0.07836869,0.02981484,-0.004263835,14116.71